<bncDoc xml:id="A7X"><teiHeader><fileDesc><titleStmt><title>  The Guardian, electronic edition of 1989-11-08: Leisure pages. Sample containing about 711 words from a periodical (domain: leisure) </title><respStmt><resp> Data capture and transcription </resp><name> Oxford University Press </name> </respStmt></titleStmt><editionStmt><edition>BNC XML Edition, December 2006</edition></editionStmt><extent> 711 tokens; 721 w-units; 45 s-units </extent><publicationStmt><distributor>Distributed under licence by Oxford University Computing Services on behalf of the BNC Consortium.</distributor><availability> This material is protected by international copyright laws and may not be copied or redistributed in any way. Consult the BNC Web Site at http://www.natcorp.ox.ac.uk for full licencing and distribution conditions.</availability><idno type="bnc">A7X</idno><idno type="old"> GaLeis </idno></publicationStmt><sourceDesc><bibl><title>The Guardian, electronic edition of 1989-11-08: Leisure pages.</title> <imprint n="GUARDI1"><publisher>Guardian Newspapers Ltd</publisher> <pubPlace>London</pubPlace> <date value="1989">1989</date> </imprint> </bibl></sourceDesc></fileDesc><encodingDesc><tagsDecl><namespace name=""><tagUsage gi="c" occurs="126"/><tagUsage gi="div" occurs="1"/><tagUsage gi="head" occurs="2"/><tagUsage gi="mw" occurs="8"/><tagUsage gi="p" occurs="21"/><tagUsage gi="s" occurs="45"/><tagUsage gi="w" occurs="721"/></namespace></tagsDecl></encodingDesc><profileDesc><creation date="1989"> </creation><textClass><catRef targets="alltim3 news  wriase0  wridom9   wrista3 "/><classCode scheme="DLEE">W newsp brdsht nat: misc</classCode><keywords><term> (none) </term></keywords></textClass></profileDesc><revisionDesc><change date="2006-10-21" who="#OUCS">Tag usage updated for BNC-XML</change><change date="2000-12-13" who="#OUCS">Last check for BNC World first release</change><change date="2000-09-06" who="#OUCS">Redo tagusage tables</change><change date="2000-09-01" who="#OUCS">Check all tagcounts</change><change date="2000-06-23" who="#OUCS">Resequenced s-units and added headers</change><change date="2000-01-21" who="#OUCS">Added date info</change><change date="2000-01-09" who="#OUCS">Updated all catrefs</change><change date="2000-01-08" who="#OUCS">Updated source title</change><change date="2000-01-08" who="#OUCS">Updated titles</change><change date="1999-12-25" who="#OUCS">corrected tagUsage</change><change date="1999-09-13" who="#UCREL">POS codes revised for BNC-2; header updated</change><change date="1994-11-24" who="#dominic">Initial accession to corpus</change></revisionDesc></teiHeader>
<wtext type="NEWS"><div level="1" n="08-NOV-89 edition, page 1"><head type="MAIN">
<s n="1"><w c5="CJS" hw="when" pos="CONJ">When </w><w c5="AT0" hw="the" pos="ART">the </w><w c5="NN1" hw="pie" pos="SUBST">pie </w><w c5="VBD" hw="be" pos="VERB">was </w><w c5="VVN" hw="open" pos="VERB">opened </w><w c5="NN1" hw="letter" pos="SUBST">Letter </w><w c5="PRP" hw="from" pos="PREP">from </w><w c5="NP0" hw="lakeland" pos="SUBST">Lakeland</w><c c5="PUN">.</c></s></head><head type="BYLINE">
<s n="2"><w c5="PRP" hw="by" pos="PREP">By </w><w c5="NP0" hw="david" pos="SUBST">David </w><w c5="NN1" hw="bean" pos="SUBST">Bean</w></s></head><p>
<s n="3"><w c5="NP0" hw="november" pos="SUBST">NOVEMBER </w><w c5="AV0" hw="again" pos="ADV">again</w><c c5="PUN">.</c></s>
<s n="4"><w c5="AT0" hw="the" pos="ART">The </w><w c5="NN1" hw="shrinking" pos="SUBST">shrinking </w><w c5="PRF" hw="of" pos="PREP">of </w><w c5="NN1" hw="daylight" pos="SUBST">daylight</w><c c5="PUN">, </c><w c5="AT0" hw="the" pos="ART">the </w><w c5="AJ0" hw="burgeoning" pos="ADJ">burgeoning </w><w c5="NN1" hw="triumph" pos="SUBST">triumph </w><w c5="PRF" hw="of" pos="PREP">of </w><w c5="AJ0" hw="black" pos="ADJ">black </w><w c5="NN1" hw="chaos" pos="SUBST">Chaos </w><w c5="CJC" hw="and" pos="CONJ">and </w><w c5="NN1" hw="night" pos="SUBST">night</w><c c5="PUN">.</c></s>
<s n="5"><w c5="CJC" hw="and" pos="CONJ">And </w><w c5="AV0" hw="hereabouts" pos="ADV">hereabouts</w><c c5="PUN">, </c><mw c5="AV0"><w c5="PRF" hw="of" pos="PREP">of </w><w c5="NN1" hw="course" pos="SUBST">course</w></mw><c c5="PUN">, </c><w c5="NN1" hw="time" pos="SUBST">time </w><mw c5="AV0"><w c5="AV0" hw="once" pos="ADV">once </w><w c5="AV0" hw="more" pos="ADV">more </w></mw><w c5="PRP" hw="for" pos="PREP">for </w><w c5="AT0" hw="the" pos="ART">the </w><w c5="NN1" hw="consumption" pos="SUBST">consumption </w><w c5="PRF" hw="of" pos="PREP">of </w><w c5="AT0" hw="the" pos="ART">the </w><w c5="AJ0" hw="traditional" pos="ADJ">traditional </w><w c5="AJ0-NN1" hw="boggerthwaite" pos="ADJ">Boggerthwaite </w><w c5="NP0" hw="november" pos="SUBST">November </w><w c5="NN1" hw="owl" pos="SUBST">Owl </w><w c5="NN1" hw="pie" pos="SUBST">Pie</w><c c5="PUN">.</c></s></p><p>
<s n="6"><w c5="AT0" hw="no" pos="ART">No </w><w c5="PNI" hw="one" pos="PRON">one </w><mw c5="AV0"><w c5="AV0" hw="any" pos="ADV">any </w><w c5="AV0" hw="longer" pos="ADV">longer </w></mw><w c5="VVZ" hw="recall" pos="VERB">recalls </w><w c5="AVQ-CJS" hw="where" pos="ADV">where </w><w c5="DT0" hw="this" pos="ADJ">this </w><w c5="AJ0" hw="unusual" pos="ADJ">unusual </w><w c5="NN1" hw="dish" pos="SUBST">dish </w><w c5="VHD" hw="have" pos="VERB">had </w><w c5="DPS" hw="it" pos="PRON">its </w><w c5="NN2" hw="origin" pos="SUBST">origins</w><c c5="PUN">; </c><w c5="AV0" hw="indeed" pos="ADV">indeed </w><w c5="DT0" hw="some" pos="ADJ">some </w><w c5="NN0" hw="people" pos="SUBST">people </w><w c5="VHB" hw="have" pos="VERB">have </w><w c5="VBN" hw="be" pos="VERB">been </w><w c5="AJ0" hw="unkind" pos="ADJ">unkind </w><w c5="AV0" hw="enough" pos="ADV">enough </w><w c5="TO0" hw="to" pos="PREP">to </w><w c5="VVI" hw="suggest" pos="VERB">suggest </w><w c5="CJT" hw="that" pos="CONJ">that </w><w c5="PNP" hw="it" pos="PRON">it </w><w c5="VBD" hw="be" pos="VERB">was </w><w c5="CJC" hw="but" pos="CONJ">but </w><w c5="AV0" hw="recently" pos="ADV">recently </w><w c5="VVN" hw="invent" pos="VERB">invented </w><w c5="PRP" hw="by" pos="PREP">by </w><w c5="NP0" hw="mr" pos="SUBST">Mr </w><w c5="NP0" hw="rory" pos="SUBST">Rory </w><w c5="NP0" hw="mcgurk" pos="SUBST">McGurk </w><w c5="PRP" hw="at" pos="PREP">at </w><w c5="AT0" hw="the" pos="ART">the </w><w c5="AJ0" hw="dehydrated" pos="ADJ">Dehydrated </w><w c5="NN1" hw="rambler" pos="SUBST">Rambler</w><c c5="PUN">, </c><w c5="PRP" hw="on" pos="PREP">on </w><w c5="VVG" hw="find" pos="VERB">finding </w><w c5="PNX" hw="himself" pos="PRON">himself </w><w c5="PRP" hw="with" pos="PREP">with </w><w c5="AV0" hw="too" pos="ADV">too </w><w c5="DT0" hw="much" pos="ADJ">much </w><w c5="AJ0" hw="ageing" pos="ADJ">ageing </w><w c5="NN1" hw="shepherd" pos="SUBST">shepherd</w><w c5="POS" hw="'s" pos="UNC">'s </w><w c5="NN1" hw="pie" pos="SUBST">pie </w><w c5="VVN-VVD" hw="leave" pos="VERB">left </w><w c5="PRP-AVP" hw="on" pos="PREP">on </w><w c5="DPS" hw="he" pos="PRON">his </w><w c5="NN2" hw="hand" pos="SUBST">hands</w><c c5="PUN">.</c></s>
<s n="7"><w c5="PNP" hw="it" pos="PRON">It </w><w c5="VVD" hw="prove" pos="VERB">proved</w><c c5="PUN">, </c><w c5="AV0" hw="even" pos="ADV">even </w><w c5="PRP" hw="at" pos="PREP">at </w><w c5="AT0" hw="the" pos="ART">the </w><w c5="AJ0" hw="insolent" pos="ADJ">insolent </w><w c5="NN1" hw="price" pos="SUBST">price </w><w c5="PRF" hw="of" pos="PREP">of </w><w c5="NN0" hw="£5.95" pos="UNC">£5.95 </w><w c5="AT0" hw="a" pos="ART">a </w><w c5="NN1" hw="slice" pos="SUBST">slice</w><c c5="PUN">, </c><w c5="TO0" hw="to" pos="PREP">to </w><w c5="VBI" hw="be" pos="VERB">be </w><w c5="AV0" hw="even" pos="ADV">even </w><w c5="AV0" hw="more" pos="ADV">more </w><w c5="AJ0" hw="popular" pos="ADJ">popular </w><w c5="CJS" hw="than" pos="CONJ">than </w><w c5="NP0" hw="mcgurk" pos="SUBST">McGurk</w><w c5="POS" hw="'s" pos="UNC">'s </w><w c5="AJ0" hw="other" pos="ADJ">other </w><w c5="NN1" hw="stock-in-trade" pos="SUBST">stock-in-trade</w><c c5="PUN">, </c><w c5="AT0" hw="the" pos="ART">the </w><w c5="NP0" hw="jumbo-cumbo" pos="SUBST">Jumbo-Cumbo </w><w c5="NP0" hw="boggerburger" pos="SUBST">Boggerburger</w><c c5="PUN">, </c><w c5="CJC" hw="and" pos="CONJ">and </w><w c5="PNP" hw="he" pos="PRON">he </w><w c5="VHZ" hw="have" pos="VERB">has </w><w c5="VVN" hw="prepare" pos="VERB">prepared </w><w c5="AT0" hw="a" pos="ART">a </w><w c5="NN1" hw="batch" pos="SUBST">batch </w><w c5="AT0" hw="every" pos="ART">every </w><w c5="NP0" hw="november" pos="SUBST">November </w><w c5="AV0" hw="since" pos="ADV">since</w><c c5="PUN">.</c></s></p><p>
<s n="8"><w c5="AV0" hw="so" pos="ADV">So </w><w c5="DT0" hw="few" pos="ADJ">few </w><w c5="PRF" hw="of" pos="PREP">of </w><w c5="PNP" hw="we" pos="PRON">us </w><w c5="VBD" hw="be" pos="VERB">were </w><w c5="AJ0" hw="surprised" pos="ADJ">surprised </w><w c5="CJS" hw="when" pos="CONJ">when </w><w c5="AT0" hw="the" pos="ART">the </w><w c5="AJ0" hw="other" pos="ADJ">other </w><w c5="NN1" hw="evening" pos="SUBST">evening </w><w c5="CRD" hw="three" pos="ADJ">three </w><w c5="NN2" hw="stranger" pos="SUBST">strangers </w><w c5="VVD" hw="enter" pos="VERB">entered </w><w c5="AT0" hw="the" pos="ART">the </w><w c5="NN1" hw="saddle" pos="SUBST">Saddle </w><w c5="NN1" hw="bar" pos="SUBST">Bar </w><w c5="CJC" hw="and" pos="CONJ">and </w><w c5="VVD-AJ0" hw="order" pos="VERB">ordered </w><w c5="NN2" hw="portion" pos="SUBST">portions </w><w c5="PRF" hw="of" pos="PREP">of </w><w c5="AT0" hw="the" pos="ART">the </w><w c5="NN1" hw="stuff" pos="SUBST">stuff</w><c c5="PUN">.</c></s></p><p>
<s n="9"><w c5="CJT" hw="that" pos="CONJ">That </w><w c5="PNP" hw="they" pos="PRON">they </w><w c5="VBD" hw="be" pos="VERB">were </w><w c5="AJ0-VVG" hw="visiting" pos="ADJ">visiting </w><w c5="NN2" hw="shootist" pos="SUBST">shootists </w><w c5="VVD" hw="seem" pos="VERB">seemed </w><w c5="AV0" hw="pretty" pos="ADV">pretty </w><w c5="AJ0" hw="evident" pos="ADJ">evident </w><w c5="PRP" hw="from" pos="PREP">from </w><w c5="AT0" hw="the" pos="ART">the </w><w c5="NN1" hw="way" pos="SUBST">way </w><w c5="PNP" hw="they" pos="PRON">they </w><w c5="VVD" hw="leave" pos="VERB">left </w><w c5="AT0" hw="the" pos="ART">the </w><w c5="NN1" hw="bar" pos="SUBST">bar </w><w c5="NN1" hw="door" pos="SUBST">door </w><w c5="AJ0" hw="open" pos="ADJ">open </w><w c5="PRP" hw="against" pos="PREP">against </w><w c5="AT0" hw="the" pos="ART">the </w><w c5="AJ0" hw="howling" pos="ADJ">howling </w><w c5="NN1" hw="night" pos="SUBST">night</w><c c5="PUN">, </c><w c5="AT0" hw="the" pos="ART">the </w><w c5="NN1" hw="loudness" pos="SUBST">loudness </w><w c5="PRF" hw="of" pos="PREP">of </w><w c5="DPS" hw="they" pos="PRON">their </w><w c5="NN1" hw="speech" pos="SUBST">speech</w><c c5="PUN">, </c><w c5="CJC" hw="and" pos="CONJ">and </w><w c5="AT0" hw="the" pos="ART">the </w><w c5="AJ0" hw="muddy" pos="ADJ">muddy </w><w c5="NN1" hw="state" pos="SUBST">state </w><w c5="PRF" hw="of" pos="PREP">of </w><w c5="DPS" hw="they" pos="PRON">their </w><w c5="NN2" hw="boot" pos="SUBST">boots</w><c c5="PUN">.</c></s>
<s n="10"><w c5="NN2" hw="hiker" pos="SUBST">Hikers </w><w c5="VBB" hw="be" pos="VERB">are </w><w c5="AV0" hw="generally" pos="ADV">generally </w><w c5="AJ0" hw="timid" pos="ADJ">timid </w><w c5="AV0" hw="enough" pos="ADV">enough </w><w c5="TO0" hw="to" pos="PREP">to </w><w c5="VVI" hw="leave" pos="VERB">leave </w><w c5="DPS" hw="they" pos="PRON">their </w><w c5="NN1" hw="footwear" pos="SUBST">footwear </w><w c5="CJC" hw="and" pos="CONJ">and </w><w c5="NN2" hw="rucksack" pos="SUBST">rucksacks </w><w c5="PRP" hw="in" pos="PREP">in </w><w c5="AT0" hw="the" pos="ART">the </w><w c5="NN1" hw="porch" pos="SUBST">porch</w><c c5="PUN">; </c><w c5="AV0" hw="today" pos="ADV">today</w><w c5="POS" hw="'s" pos="UNC">'s </w><w c5="AJ0-NN1" hw="sporting" pos="ADJ">sporting </w><w c5="NN1" hw="fraternity" pos="SUBST">fraternity </w><w c5="AV0" hw="always" pos="ADV">always </w><w c5="VVZ" hw="bring" pos="VERB">brings </w><w c5="DPS" hw="it" pos="PRON">its </w><w c5="NN1" hw="mud" pos="SUBST">mud </w><w c5="PRP" hw="with" pos="PREP">with </w><w c5="PNP" hw="it" pos="PRON">it </w><mw c5="PRP"><w c5="CJS" hw="as" pos="CONJ">as </w><w c5="AV0" hw="well" pos="ADV">well </w><w c5="CJS" hw="as" pos="CONJ">as </w></mw><w c5="NN1-AJ0" hw="milling" pos="SUBST">milling </w><w c5="NN2" hw="pack" pos="SUBST">packs </w><w c5="PRF" hw="of" pos="PREP">of </w><w c5="AJ0-VVG" hw="steaming" pos="ADJ">steaming </w><w c5="AJ0" hw="black" pos="ADJ">black </w><w c5="NN2" hw="labrador" pos="SUBST">labradors</w><c c5="PUN">.</c></s></p><p>
<s n="11"><w c5="PNP" hw="i" pos="PRON">I </w><w c5="VDB" hw="do" pos="VERB">do </w><w c5="XX0" hw="not" pos="ADV">not </w><w c5="VVI" hw="know" pos="VERB">know </w><w c5="AVQ" hw="where" pos="ADV">where </w><w c5="PNP" hw="they" pos="PRON">they </w><w c5="VVB" hw="get" pos="VERB">get </w><w c5="DT0" hw="these" pos="ADJ">these </w><w c5="NN2" hw="dog" pos="SUBST">dogs</w><c c5="PUN">.</c></s>
<s n="12"><w c5="PNP" hw="they" pos="PRON">They </w><w c5="VM0" hw="must" pos="VERB">must </w><w c5="VVI" hw="hire" pos="VERB">hire </w><w c5="PNP" hw="they" pos="PRON">them</w><c c5="PUN">, </c><w c5="CJS" hw="for" pos="CONJ">for </w><w c5="PNP" hw="they" pos="PRON">they </w><w c5="VBB" hw="be" pos="VERB">are </w><w c5="AV0" hw="clearly" pos="ADV">clearly </w><w c5="XX0" hw="not" pos="ADV">not </w><w c5="NN2" hw="countryman" pos="SUBST">countrymen </w><w c5="DT0" hw="these" pos="ADJ">these </w><w c5="NN2" hw="day" pos="SUBST">days</w><c c5="PUN">.</c></s>
<s n="13"><w c5="PNP" hw="they" pos="PRON">They </w><w c5="VVB" hw="talk" pos="VERB">talk </w><w c5="XX0" hw="not" pos="ADV">not </w><w c5="PRF" hw="of" pos="PREP">of </w><w c5="AJ0" hw="rural" pos="ADJ">rural </w><w c5="NN2" hw="matter" pos="SUBST">matters </w><c c5="PUL">(</c><w c5="PRP" hw="except" pos="PREP">except </w><w c5="PRF" hw="of" pos="PREP">of </w><w c5="AT0" hw="the" pos="ART">the </w><w c5="NN2" hw="possibility" pos="SUBST">possibilities </w><w c5="PRF" hw="of" pos="PREP">of </w><w c5="AJ0" hw="old" pos="ADJ">old </w><w c5="NN1" hw="barn" pos="SUBST">barn </w><w c5="NN2" hw="conversion" pos="SUBST">conversions</w><c c5="PUR">)</c><c c5="PUN">, </c><w c5="CJC" hw="but" pos="CONJ">but </w><w c5="PRF" hw="of" pos="PREP">of </w><w c5="NN2" hw="stock" pos="SUBST">stocks</w><c c5="PUN">, </c><w c5="NN2" hw="share" pos="SUBST">shares</w><c c5="PUN">, </c><w c5="NN2" hw="investment" pos="SUBST">investments</w><c c5="PUN">, </c><w c5="CJC" hw="and" pos="CONJ">and </w><w c5="NN1" hw="insurance" pos="SUBST">insurance</w><c c5="PUN">.</c></s>
<s n="14"><w c5="PNP" hw="they" pos="PRON">They </w><w c5="VVB" hw="fail" pos="VERB">fail </w><w c5="AV0" hw="entirely" pos="ADV">entirely </w><w c5="TO0" hw="to" pos="PREP">to </w><w c5="VVI" hw="distribute" pos="VERB">distribute </w><w c5="NN1" hw="largesse" pos="SUBST">largesse </w><w c5="PRP" hw="to" pos="PREP">to </w><w c5="AT0" hw="the" pos="ART">the </w><w c5="NN2" hw="local" pos="SUBST">locals </w><w c5="CJC" hw="and" pos="CONJ">and </w><w c5="VVB" hw="leave" pos="VERB">leave </w><w c5="AT0" hw="the" pos="ART">the </w><w c5="NN1" hw="door" pos="SUBST">door </w><w c5="AJ0" hw="open" pos="ADJ">open </w><w c5="AV0" hw="again" pos="ADV">again </w><w c5="PRP" hw="on" pos="PREP">on </w><w c5="DPS" hw="they" pos="PRON">their </w><w c5="AJ0" hw="loud" pos="ADJ">loud </w><w c5="NN2" hw="departure" pos="SUBST">departures</w><c c5="PUN">.</c></s></p><p>
<s n="15"><w c5="PNP" hw="i" pos="PRON">I </w><w c5="VHB" hw="have" pos="VERB">have </w><w c5="VVN" hw="go" pos="VERB">gone </w><w c5="PRP" hw="into" pos="PREP">into </w><w c5="DT0" hw="this" pos="ADJ">this </w><w c5="AV0" hw="rather" pos="ADV">rather </w><w c5="AJ0" hw="lengthy" pos="ADJ">lengthy </w><w c5="NN1" hw="description" pos="SUBST">description </w><w c5="PRP" hw="for" pos="PREP">for </w><w c5="CRD" hw="two" pos="ADJ">two </w><w c5="NN2" hw="reason" pos="SUBST">reasons</w><c c5="PUN">: </c><w c5="CRD" hw="one" pos="ADJ">one</w><c c5="PUN">, </c><w c5="CJS" hw="because" pos="CONJ">because </w><w c5="PNP" hw="it" pos="PRON">it </w><w c5="VVZ" hw="lead" pos="VERB">leads </w><w c5="AVP" hw="back" pos="ADV">back </w><w c5="PRP" hw="into" pos="PREP">into </w><w c5="AT0" hw="the" pos="ART">the </w><w c5="NN1" hw="folklore" pos="SUBST">folklore </w><w c5="PRF" hw="of" pos="PREP">of </w><w c5="AT0" hw="the" pos="ART">the </w><w c5="NP0" hw="november" pos="SUBST">November </w><w c5="NN1" hw="owl" pos="SUBST">Owl </w><w c5="NN1" hw="pie" pos="SUBST">Pie</w><c c5="PUN">, </c><w c5="CJC" hw="and" pos="CONJ">and </w><w c5="CRD" hw="two" pos="ADJ">two</w><c c5="PUN">, </c><w c5="CJS" hw="because" pos="CONJ">because </w><w c5="PNP" hw="i" pos="PRON">I </w><w c5="VM0" hw="can" pos="VERB">ca</w><w c5="XX0" hw="not" pos="ADV">n't </w><w c5="VVI" hw="stand" pos="VERB">stand </w><w c5="AT0" hw="the" pos="ART">the </w><w c5="NN2" hw="blighter" pos="SUBST">blighters </w><w c5="PRP" hw="at" pos="PREP">at </w><w c5="DT0" hw="any" pos="ADJ">any </w><w c5="NN1" hw="price" pos="SUBST">price</w><c c5="PUN">.</c></s></p><p>
<s n="16"><w c5="AT0" hw="the" pos="ART">The </w><w c5="NN1" hw="pie" pos="SUBST">Pie </w><w c5="AV0" hw="then" pos="ADV">then</w><c c5="PUN">.</c></s>
<s n="17"><c c5="PUQ">‘</c><w c5="DTQ" hw="what" pos="PRON">What</w><w c5="VBZ" hw="be" pos="VERB">'s </w><w c5="DT0" hw="this" pos="ADJ">this</w><c c5="PUN">, </c><w c5="NN1" hw="landlord" pos="SUBST">landlord</w><c c5="PUN">?</c><c c5="PUQ">’</c></s>
<s n="18"><w c5="AT0" hw="the" pos="ART">The </w><w c5="NN1" hw="leader" pos="SUBST">leader </w><w c5="PRF" hw="of" pos="PREP">of </w><w c5="AT0" hw="the" pos="ART">the </w><w c5="NN1" hw="trio" pos="SUBST">trio</w><c c5="PUN">, </c><w c5="AT0" hw="an" pos="ART">an </w><w c5="AJ0" hw="ample-bellied" pos="ADJ">ample-bellied </w><w c5="NN1" hw="type" pos="SUBST">type </w><w c5="PRP" hw="with" pos="PREP">with </w><w c5="AT0" hw="a" pos="ART">a </w><w c5="NN1" hw="tweed" pos="SUBST">tweed </w><w c5="NN1" hw="cap" pos="SUBST">cap </w><w c5="CJC" hw="and" pos="CONJ">and </w><w c5="CRD" hw="one" pos="ADJ">one </w><w c5="PRF" hw="of" pos="PREP">of </w><w c5="DT0" hw="those" pos="ADJ">those </w><w c5="AJ0" hw="quilted" pos="ADJ">quilted </w><w c5="NN2" hw="waistcoat" pos="SUBST">waistcoats </w><w c5="DTQ" hw="which" pos="PRON">which </w><w c5="VVB" hw="look" pos="VERB">look </w><w c5="PRP" hw="like" pos="PREP">like </w><w c5="AJ0" hw="half-inflated" pos="ADJ">half-inflated </w><w c5="NN1" hw="life" pos="SUBST">life </w><w c5="NN2" hw="jacket" pos="SUBST">jackets</w><c c5="PUN">, </c><w c5="VVD" hw="sniff" pos="VERB">sniffed </w><w c5="AT0" hw="the" pos="ART">the </w><w c5="NN1" hw="air" pos="SUBST">air </w><w c5="CJS" hw="as" pos="CONJ">as </w><w c5="PNP" hw="he" pos="PRON">he </w><w c5="VVD" hw="study" pos="VERB">studied </w><w c5="AT0" hw="the" pos="ART">the </w><w c5="NN1" hw="blackboard" pos="SUBST">blackboard </w><w c5="DTQ" hw="which" pos="PRON">which </w><w c5="VVZ" hw="serve" pos="VERB">serves </w><w c5="AT0" hw="the" pos="ART">the </w><w c5="NN1" hw="rambler" pos="SUBST">Rambler </w><w c5="PRP" hw="as" pos="PREP">as </w><w c5="AT0" hw="a" pos="ART">a </w><w c5="NN1" hw="menu" pos="SUBST">menu</w><c c5="PUN">.</c></s>
<s n="19"><c c5="PUQ">‘</c><w c5="NP0" hw="november" pos="SUBST">November </w><w c5="NN1" hw="oil" pos="SUBST">Oil </w><w c5="NN1" hw="pie" pos="SUBST">Pie</w><c c5="PUN">?</c><c c5="PUQ">’</c></s></p><p>
<s n="20"><c c5="PUQ">‘</c><w c5="NN1" hw="owl" pos="SUBST">Owl</w><c c5="PUN">,</c><c c5="PUQ">’ </c><w c5="VVD" hw="correct" pos="VERB">corrected </w><w c5="NP0" hw="mcgurk" pos="SUBST">McGurk</w><c c5="PUN">.</c></s>
<s n="21"><c c5="PUQ">‘</c><w c5="NN1" hw="sir" pos="SUBST">Sir</w><c c5="PUN">.</c><c c5="PUQ">’</c></s></p><p>
<s n="22"><w c5="AT0" hw="the" pos="ART">The </w><w c5="NN1" hw="stranger" pos="SUBST">stranger </w><w c5="VVD-VVN" hw="turn" pos="VERB">turned </w><w c5="CJC" hw="and" pos="CONJ">and </w><w c5="VVD" hw="raise" pos="VERB">raised </w><w c5="AT0" hw="an" pos="ART">an </w><w c5="AJ0" hw="inquiring" pos="ADJ">inquiring </w><w c5="NN1" hw="brow" pos="SUBST">brow </w><w c5="PRP" hw="at" pos="PREP">at </w><w c5="DPS" hw="he" pos="PRON">his </w><w c5="NN2" hw="brother" pos="SUBST">brethren</w><c c5="PUN">, </c><w c5="PNQ" hw="who" pos="PRON">who </w><w c5="VVD" hw="nod" pos="VERB">nodded</w><c c5="PUN">.</c></s>
<s n="23"><c c5="PUQ">‘</c><w c5="CRD" hw="brace-and-a-half" pos="ADJ">Brace-and-a-half </w><w c5="PRF" hw="of" pos="PREP">of </w><w c5="DT0" hw="that" pos="ADJ">that</w><c c5="PUN">, </c><w c5="AV0" hw="then" pos="ADV">then</w><c c5="PUN">, </c><w c5="NN1" hw="landlord" pos="SUBST">landlord</w><c c5="PUN">.</c><c c5="PUQ">’</c></s>
<s n="24"><w c5="CJC" hw="and" pos="CONJ">And </w><w c5="CJS" hw="when" pos="CONJ">when </w><w c5="NP0" hw="mcgurk" pos="SUBST">McGurk </w><w c5="VVD" hw="appear" pos="VERB">appeared </w><w c5="TO0" hw="to" pos="PREP">to </w><w c5="VVI" hw="hesitate" pos="VERB">hesitate</w><c c5="PUN">, </c><c c5="PUQ">‘</c><w c5="DT0" hw="that" pos="ADJ">That</w><w c5="VBZ" hw="be" pos="VERB">'s </w><w c5="CRD" hw="three" pos="ADJ">three</w><c c5="PUN">.</c><c c5="PUQ">’</c></s></p><p>
<s n="25"><c c5="PUQ">‘</c><w c5="AT0" hw="a" pos="ART">A </w><w c5="CRD" hw="quarter-of-a-dozen" pos="ADJ">quarter-of-a-dozen </w><w c5="NN1" hw="owl" pos="SUBST">owl </w><w c5="NN2" hw="pie" pos="SUBST">pies </w><w c5="VVG" hw="come" pos="VERB">coming </w><w c5="AVP" hw="up" pos="ADV">up</w><c c5="PUN">,</c><c c5="PUQ">’ </c><w c5="VVD" hw="return" pos="VERB">returned </w><w c5="NP0" hw="mcgurk" pos="SUBST">McGurk</w><c c5="PUN">.</c></s>
<s n="26"><c c5="PUQ">‘</c><w c5="DT0" hw="that" pos="ADJ">That</w><w c5="VBZ" hw="be" pos="VERB">'s </w><w c5="CRD" hw="three" pos="ADJ">three </w><mw c5="AV0"><w c5="CJS" hw="as" pos="CONJ">as </w><w c5="AV0" hw="well" pos="ADV">well</w></mw><c c5="PUN">.</c><c c5="PUQ">’</c></s></p><p>
<s n="27"><w c5="AT0" hw="the" pos="ART">The </w><w c5="NN2" hw="dish" pos="SUBST">dishes </w><w c5="PNP" hw="he" pos="PRON">he </w><w c5="VVD" hw="fill" pos="VERB">filled </w><w c5="VVD" hw="seem" pos="VERB">seemed </w><w c5="AJ0" hw="indistinguishable" pos="ADJ">indistinguishable </w><w c5="PRP" hw="to" pos="PREP">to </w><w c5="DPS" hw="i" pos="PRON">my </w><w c5="NN1" hw="eye" pos="SUBST">eye </w><w c5="PRP" hw="from" pos="PREP">from </w><w c5="AJ0" hw="run-of-the-mill" pos="ADJ">run-of-the-mill </w><w c5="NN1" hw="cottage" pos="SUBST">cottage </w><w c5="NN1" hw="pie" pos="SUBST">pie </w><w c5="CJS" hw="except" pos="CONJ">except </w><w c5="PNP" hw="they" pos="PRON">they </w><w c5="VBD" hw="be" pos="VERB">were </w><w c5="AV0" hw="rather" pos="ADV">rather </w><w c5="AJC" hw="black" pos="ADJ">blacker </w><w c5="PRP" hw="round" pos="PREP">round </w><w c5="AT0" hw="the" pos="ART">the </w><w c5="NN2" hw="edge" pos="SUBST">edges </w><w c5="CJS" hw="than" pos="CONJ">than </w><w c5="VBZ" hw="be" pos="VERB">is </w><w c5="AJ0" hw="normal" pos="ADJ">normal</w><c c5="PUN">, </c><w c5="CJC" hw="and" pos="CONJ">and </w><w c5="PNP" hw="they" pos="PRON">they </w><w c5="VBD" hw="be" pos="VERB">were </w><w c5="VVN" hw="accompany" pos="VERB">accompanied </w><w c5="PRP" hw="by" pos="PREP">by </w><w c5="AT0" hw="the" pos="ART">the </w><w c5="NN1" hw="garnish" pos="SUBST">garnish </w><w c5="PRF" hw="of" pos="PREP">of </w><w c5="AT0" hw="a" pos="ART">a </w><w c5="NN1" hw="quarter" pos="SUBST">quarter </w><w c5="PRF" hw="of" pos="PREP">of </w><w c5="AT0" hw="a" pos="ART">a </w><w c5="AJ0" hw="raw" pos="ADJ">raw </w><w c5="NN1" hw="tomato" pos="SUBST">tomato</w><c c5="PUN">, </c><w c5="CRD" hw="two" pos="ADJ">two </w><w c5="NN1" hw="cucumber" pos="SUBST">cucumber </w><w c5="NN2" hw="slice" pos="SUBST">slices</w><c c5="PUN">, </c><w c5="AT0" hw="a" pos="ART">a </w><w c5="NN1" hw="sprinkling" pos="SUBST">sprinkling </w><w c5="PRF" hw="of" pos="PREP">of </w><w c5="NN1" hw="cress" pos="SUBST">cress </w><c c5="PUL">(</c><w c5="CJC" hw="or" pos="CONJ">or </w><w c5="AV0" hw="maybe" pos="ADV">maybe </w><w c5="NN1" hw="lawn" pos="SUBST">lawn </w><w c5="NN2" hw="clipping" pos="SUBST">clippings</w><c c5="PUR">)</c><c c5="PUN">, </c><w c5="CJC" hw="and" pos="CONJ">and </w><w c5="AT0" hw="a" pos="ART">a </w><w c5="AJ0" hw="tired" pos="ADJ">tired</w><c c5="PUN">, </c><w c5="AJ0" hw="pre-chewed" pos="ADJ">pre-chewed </w><w c5="NN1" hw="lettuce" pos="SUBST">lettuce </w><w c5="NN1" hw="leaf" pos="SUBST">leaf </w><w c5="PRP" hw="without" pos="PREP">without </w><w c5="DTQ" hw="which" pos="PRON">which </w><w c5="AT0" hw="no" pos="ART">no </w><w c5="AJ0" hw="british" pos="ADJ">British </w><w c5="NN1" hw="pub" pos="SUBST">pub </w><w c5="NN1" hw="meal" pos="SUBST">meal </w><w c5="VBZ" hw="be" pos="VERB">is </w><w c5="AJ0" hw="complete" pos="ADJ">complete </w><w c5="DT0" hw="these" pos="ADJ">these </w><w c5="NN2" hw="day" pos="SUBST">days</w><c c5="PUN">.</c></s></p><p>
<s n="28"><w c5="DPS" hw="i" pos="PRON">My </w><w c5="ORD" hw="first" pos="ADJ">first </w><w c5="NN1" hw="suspicion" pos="SUBST">suspicion </w><w c5="CJT" hw="that" pos="CONJ">that </w><w c5="DT0" hw="these" pos="ADJ">these </w><w c5="NN2" hw="chap" pos="SUBST">chaps </w><w c5="VBD" hw="be" pos="VERB">were </w><w c5="XX0" hw="not" pos="ADV">not </w><w c5="DTQ" hw="what" pos="PRON">what </w><w c5="PNP" hw="they" pos="PRON">they </w><w c5="VVD" hw="seem" pos="VERB">seemed </w><w c5="VBD" hw="be" pos="VERB">was </w><w c5="VVN" hw="arouse" pos="VERB">aroused </w><w c5="CJS" hw="as" pos="CONJ">as </w><w c5="PNP" hw="i" pos="PRON">I </w><w c5="VVD" hw="listen" pos="VERB">listened</w><c c5="PUN">.</c></s>
<s n="29"><w c5="DPS" hw="they" pos="PRON">Their </w><w c5="NN1" hw="chat" pos="SUBST">chat </w><w c5="VBD" hw="be" pos="VERB">was </w><w c5="XX0" hw="not" pos="ADV">not </w><w c5="PRF" hw="of" pos="PREP">of </w><w c5="AJ0" hw="high" pos="ADJ">high </w><w c5="NN1" hw="finance" pos="SUBST">finance </w><w c5="CJC" hw="or" pos="CONJ">or </w><w c5="NN1" hw="property" pos="SUBST">property</w><c c5="PUN">.</c></s>
<s n="30"><w c5="PNP" hw="it" pos="PRON">It </w><w c5="VBD" hw="be" pos="VERB">was </w><w c5="PRP" hw="in" pos="PREP">in </w><w c5="NN1" hw="fact" pos="SUBST">fact </w><w c5="AJ0" hw="non-existent" pos="ADJ">non-existent</w><c c5="PUN">.</c></s>
<s n="31"><w c5="PNP" hw="they" pos="PRON">They </w><w c5="AV0" hw="just" pos="ADV">just </w><w c5="VVD" hw="chomp" pos="VERB">chomped</w><c c5="PUN">, </c><w c5="CJC" hw="and" pos="CONJ">and </w><w c5="CJS" hw="when" pos="CONJ">when </w><w c5="PNP" hw="they" pos="PRON">they </w><w c5="VHD" hw="have" pos="VERB">had </w><w c5="VVN" hw="finish" pos="VERB">finished</w><c c5="PUN">, </c><w c5="AT0" hw="the" pos="ART">the </w><w c5="AJ0" hw="podgy" pos="ADJ">podgy </w><w c5="NN1" hw="leader" pos="SUBST">leader </w><w c5="NN1" hw="rose" pos="SUBST">rose </w><w c5="CJC" hw="and" pos="CONJ">and </w><w c5="AV0" hw="quietly" pos="ADV">quietly </w><w c5="VVD" hw="ask" pos="VERB">asked </w><w c5="NP0" hw="mcgurk" pos="SUBST">McGurk </w><w c5="CJS" hw="if" pos="CONJ">if </w><w c5="EX0" hw="there" pos="PRON">there </w><w c5="VBD" hw="be" pos="VERB">was </w><w c5="AV0" hw="somewhere" pos="ADV">somewhere </w><w c5="PNP" hw="they" pos="PRON">they </w><w c5="VM0" hw="could" pos="VERB">could </w><w c5="VVI" hw="talk" pos="VERB">talk </w><w c5="PRP" hw="to" pos="PREP">to </w><w c5="PNP" hw="he" pos="PRON">him </w><mw c5="AV0"><w c5="PRP" hw="in" pos="PREP">in </w><w c5="AJ0" hw="private" pos="ADJ">private</w></mw><c c5="PUN">.</c></s></p><p>
<s n="32"><w c5="PNP" hw="we" pos="PRON">We </w><w c5="VM0" hw="would" pos="VERB">would </w><w c5="VHI" hw="have" pos="VERB">have </w><w c5="AV0" hw="only" pos="ADV">only </w><w c5="NP0" hw="mcgurk" pos="SUBST">McGurk</w><w c5="POS" hw="'s" pos="UNC">'s </w><w c5="NN1" hw="word" pos="SUBST">word </w><w c5="PRP" hw="for" pos="PREP">for </w><w c5="DTQ" hw="what" pos="PRON">what </w><w c5="VVD" hw="happen" pos="VERB">happened </w><w c5="AV0" hw="subsequently" pos="ADV">subsequently </w><w c5="CJS" hw="if" pos="CONJ">if </w><w c5="PNP" hw="i" pos="PRON">I </w><w c5="VHD" hw="have" pos="VERB">had </w><w c5="XX0" hw="not" pos="ADV">not </w><w c5="VVN" hw="position" pos="VERB">positioned </w><w c5="DPS" hw="i" pos="PRON">my </w><w c5="NN1" hw="ear" pos="SUBST">ear </w><w c5="PRP" hw="by" pos="PREP">by </w><w c5="AT0" hw="the" pos="ART">the </w><w c5="NN1" hw="keyhole" pos="SUBST">keyhole </w><w c5="PRF" hw="of" pos="PREP">of </w><w c5="DPS" hw="he" pos="PRON">his </w><w c5="NN1" hw="office" pos="SUBST">office</w><c c5="PUN">.</c></s>
<s n="33"><w c5="EX0" hw="there" pos="PRON">There </w><w c5="VBD" hw="be" pos="VERB">was </w><w c5="AT0" hw="a" pos="ART">a </w><w c5="AJ0" hw="little" pos="ADJ">little </w><w c5="NN1" hw="humming" pos="SUBST">humming </w><w c5="CJC" hw="and" pos="CONJ">and </w><w c5="AJ0-NN1" hw="hah-ing" pos="ADJ">hah-ing </w><w c5="CJC" hw="and" pos="CONJ">and </w><c c5="PUQ">‘</c><w c5="AV0" hw="now" pos="ADV">Now</w><c c5="PUN">, </c><w c5="NN1-AJ0" hw="gentlemen-ing" pos="SUBST">gentlemen-ing</w><c c5="PUQ">’ </c><w c5="PRP" hw="from" pos="PREP">from </w><w c5="NP0" hw="mcgurk" pos="SUBST">McGurk</w><c c5="PUN">.</c></s>
<s n="34"><w c5="AV0" hw="then" pos="ADV">Then </w><w c5="AT0" hw="the" pos="ART">the </w><w c5="NN1" hw="leader" pos="SUBST">leader </w><w c5="VVD" hw="introduce" pos="VERB">introduced </w><w c5="PNX" hw="himself" pos="PRON">himself </w><w c5="PRP" hw="as" pos="PREP">as </w><w c5="AT0" hw="an" pos="ART">an </w><w c5="NN1" hw="inspector" pos="SUBST">inspector </w><w c5="PRP" hw="from" pos="PREP">from </w><w c5="AT0" hw="the" pos="ART">the </w><w c5="NN1" hw="department" pos="SUBST">Department </w><w c5="PRF" hw="of" pos="PREP">of </w><w c5="NN1" hw="health" pos="SUBST">Health</w><c c5="PUN">, </c><w c5="CJC" hw="and" pos="CONJ">and </w><w c5="DPS" hw="he" pos="PRON">his </w><w c5="NN1" hw="colleague" pos="SUBST">colleague </w><mw c5="PRP"><w c5="CJS" hw="as" pos="CONJ">as </w><w c5="PRP" hw="from" pos="PREP">from </w></mw><w c5="NN1" hw="trade" pos="SUBST">Trade </w><w c5="CJC" hw="and" pos="CONJ">and </w><w c5="NN1" hw="industry" pos="SUBST">Industry</w><c c5="PUN">.</c></s>
<s n="35"><w c5="AT0" hw="the" pos="ART">The </w><w c5="ORD" hw="third" pos="ADJ">third</w><c c5="PUN">, </c><w c5="PRP" hw="in" pos="PREP">in </w><w c5="AT0" hw="a" pos="ART">a </w><w c5="NN1" hw="voice" pos="SUBST">voice </w><w c5="PRP" hw="like" pos="PREP">like </w><w c5="AT0" hw="a" pos="ART">a </w><w c5="NN1-AJ0" hw="cross" pos="SUBST">cross </w><w c5="NN1" hw="buzzard" pos="SUBST">buzzard</w><w c5="VBZ" hw="be" pos="VERB">'s</w><c c5="PUN">, </c><w c5="VVD" hw="say" pos="VERB">said </w><w c5="PNP" hw="he" pos="PRON">he </w><w c5="VBD" hw="be" pos="VERB">was </w><w c5="PRP" hw="from" pos="PREP">from </w><w c5="AT0" hw="the" pos="ART">the </w><w c5="AJ0" hw="royal" pos="ADJ">Royal </w><w c5="NN1" hw="society" pos="SUBST">Society </w><w c5="PRP" hw="for" pos="PREP">for </w><w c5="AT0" hw="the" pos="ART">the </w><w c5="NN1" hw="protection" pos="SUBST">Protection </w><w c5="PRF" hw="of" pos="PREP">of </w><w c5="NN2" hw="bird" pos="SUBST">Birds</w><c c5="PUN">.</c></s></p><p>
<s n="36"><w c5="PNP" hw="it" pos="PRON">It </w><w c5="VBD" hw="be" pos="VERB">was </w><w c5="XX0" hw="not" pos="ADV">not </w><w c5="AJ0" hw="easy" pos="ADJ">easy </w><w c5="TO0" hw="to" pos="PREP">to </w><w c5="VVI" hw="hear" pos="VERB">hear </w><w c5="DT0" hw="all" pos="ADJ">all </w><w c5="CJT-DT0" hw="that" pos="CONJ">that </w><w c5="VVD" hw="follow" pos="VERB">followed</w><c c5="PUN">, </c><w c5="CJC" hw="but" pos="CONJ">but </w><w c5="AT0" hw="a" pos="ART">a </w><w c5="AJ0-AV0" hw="right" pos="ADJ">right </w><w c5="AJ0" hw="old" pos="ADJ">old </w><w c5="NN1" hw="tangle" pos="SUBST">tangle </w><w c5="VVD-VVN" hw="develop" pos="VERB">developed</w><c c5="PUN">.</c></s></p><p>
<s n="37"><w c5="NN1" hw="inspector" pos="SUBST">Inspector</w><c c5="PUN">: </c><w c5="VBD" hw="be" pos="VERB">Was </w><w c5="DT0" hw="that" pos="ADJ">that </w><w c5="AV0" hw="really" pos="ADV">really </w><w c5="NN1" hw="owl" pos="SUBST">owl</w><c c5="PUN">?</c></s></p><p>
<s n="38"><w c5="NP0" hw="mcgurk" pos="SUBST">McGurk</w><c c5="PUN">: </c><w c5="PRP" hw="in" pos="PREP">In </w><w c5="AT0" hw="a" pos="ART">a </w><w c5="NN1" hw="manner" pos="SUBST">manner </w><w c5="PRF" hw="of" pos="PREP">of </w><w c5="VVG-NN1" hw="speak" pos="VERB">speaking</w><c c5="PUN">, </c><w c5="NN1" hw="sir" pos="SUBST">sir</w><c c5="PUN">, </c><w c5="ITJ" hw="no" pos="INTERJ">no</w><c c5="PUN">.</c></s></p><p>
<s n="39"><w c5="NN1" hw="inspector" pos="SUBST">Inspector</w><c c5="PUN">: </c><w c5="PNP" hw="i" pos="PRON">I </w><w c5="VM0" hw="must" pos="VERB">must </w><w c5="VVI" hw="warn" pos="VERB">warn </w><w c5="CJT" hw="that" pos="CONJ">that </w><w c5="PNP" hw="you" pos="PRON">you </w><w c5="VM0" hw="may" pos="VERB">may </w><w c5="VBI" hw="be" pos="VERB">be </w><w c5="AJ0" hw="liable" pos="ADJ">liable </w><w c5="PRP" hw="under" pos="PREP">under </w><w c5="AT0" hw="the" pos="ART">the </w><w c5="NN2" hw="trade" pos="SUBST">Trades </w><w c5="NN2" hw="description" pos="SUBST">Descriptions </w><w c5="NN1" hw="act" pos="SUBST">Act</w><c c5="PUN">.</c></s></p><p>
<s n="40"><w c5="NP0" hw="rspb" pos="SUBST">RSPB </w><w c5="NN1" hw="man" pos="SUBST">man</w><c c5="PUN">: </c><w c5="PNP" hw="it" pos="PRON">It </w><w c5="VVD" hw="taste" pos="VERB">tasted </w><w c5="PRP" hw="like" pos="PREP">like </w><w c5="NN1" hw="owl" pos="SUBST">owl</w><c c5="PUN">.</c></s></p><p>
<s n="41"><w c5="ORD" hw="second" pos="ADJ">Second </w><w c5="NN1" hw="inspector" pos="SUBST">Inspector</w><c c5="PUN">: </c><w c5="CJS" hw="if" pos="CONJ">If </w><w c5="PNP" hw="it" pos="PRON">it </w><w c5="VBD" hw="be" pos="VERB">was </w><w c5="VVN" hw="describe" pos="VERB">described </w><w c5="PRP-CJS" hw="as" pos="PREP">as </w><c c5="PUQ">‘</c><w c5="NP0" hw="november" pos="SUBST">November</w><c c5="PUN">,</c><c c5="PUQ">’ </c><w c5="DTQ" hw="what" pos="PRON">what </w><w c5="VDD" hw="do" pos="VERB">did </w><w c5="DT0" hw="that" pos="ADJ">that </w><w c5="VVI" hw="mean" pos="VERB">mean </w><w c5="VVN-AJ0" hw="cook" pos="VERB">cooked </w><w c5="PRP" hw="in" pos="PREP">in </w><w c5="NP0" hw="november" pos="SUBST">November</w><c c5="PUN">, </c><w c5="VVN" hw="freeze" pos="VERB">frozen </w><w c5="PRP" hw="in" pos="PREP">in </w><w c5="NP0" hw="november" pos="SUBST">November</w><c c5="PUN">, </c><w c5="VVN" hw="re-heat" pos="VERB">re-heated </w><w c5="PRP" hw="in" pos="PREP">in </w><w c5="NP0" hw="november" pos="SUBST">November</w><c c5="PUN">, </c><w c5="TO0" hw="to" pos="PREP">to </w><w c5="VBI" hw="be" pos="VERB">be </w><w c5="VVN" hw="eat" pos="VERB">eaten </w><w c5="PRP" hw="in" pos="PREP">in </w><w c5="NP0" hw="november" pos="SUBST">November</w><c c5="PUN">, </c><w c5="CJC" hw="or" pos="CONJ">or </w><w c5="DTQ" hw="what" pos="PRON">what</w><c c5="PUN">?</c></s>
<s n="42"><w c5="DTQ" hw="whichever" pos="PRON">Whichever</w><c c5="PUN">, </c><w c5="PNP" hw="i" pos="PRON">I </w><w c5="VHB" hw="have" pos="VERB">have </w><w c5="TO0" hw="to" pos="PREP">to </w><w c5="VVI" hw="warn" pos="VERB">warn </w><w c5="CJT" hw="that" pos="CONJ">that </w><w c5="AT0" hw="the" pos="ART">the </w><w c5="NN1" hw="use" pos="SUBST">use </w><w c5="PRF" hw="of" pos="PREP">of </w><w c5="AT0" hw="the" pos="ART">the </w><w c5="NN2" hw="name" pos="SUBST">names </w><w c5="PRF" hw="of" pos="PREP">of </w><w c5="AT0" hw="the" pos="ART">the </w><w c5="NN2" hw="month" pos="SUBST">months </w><w c5="PRP" hw="in" pos="PREP">in </w><w c5="VVG" hw="describe" pos="VERB">describing </w><w c5="NN1" hw="food" pos="SUBST">food </w><w c5="VBZ" hw="be" pos="VERB">is </w><mw c5="AV0"><w c5="AV0" hw="no" pos="ADV">no </w><w c5="AV0" hw="longer" pos="ADV">longer </w></mw><w c5="VVN" hw="permit" pos="VERB">permitted </w><w c5="PRP" hw="by" pos="PREP">by </w><w c5="NP0" hw="eec" pos="SUBST">EEC </w><w c5="NN2" hw="regulation" pos="SUBST">regulations</w><c c5="PUN">.</c></s></p><p>
<s n="43"><w c5="NP0" hw="mcgurk" pos="SUBST">McGurk</w><c c5="PUN">: </c><w c5="DTQ" hw="what" pos="PRON">What </w><w c5="PRP" hw="about" pos="PREP">about </w><w c5="NN1" hw="christmas" pos="SUBST">Christmas </w><w c5="NN1" hw="pudding" pos="SUBST">pudding</w><c c5="PUN">, </c><w c5="AV0" hw="then" pos="ADV">then</w><c c5="PUN">?</c></s></p><p>
<s n="44"><w c5="NN1" hw="inspector" pos="SUBST">Inspector</w><c c5="PUN">: </c><w c5="NN1" hw="sarcasm" pos="SUBST">Sarcasm </w><w c5="VM0" hw="will" pos="VERB">will </w><w c5="VVI" hw="get" pos="VERB">get </w><w c5="PNP" hw="you" pos="PRON">you </w><w c5="AV0" hw="nowhere" pos="ADV">nowhere</w><c c5="PUN">.</c></s>
<s n="45"><w c5="PNP" hw="we" pos="PRON">We </w><w c5="VBB" hw="be" pos="VERB">are </w><w c5="VVG" hw="work" pos="VERB">working </w><w c5="PRP" hw="on" pos="PREP">on </w><w c5="DT0" hw="that" pos="ADJ">that </w><w c5="PNI" hw="one" pos="PRON">one</w><c c5="PUN">.</c></s></p></div></wtext></bncDoc>
