<bncDoc xml:id="K29"><teiHeader><fileDesc><titleStmt><title>  Belfast Telegraph: Applied Science pages. Sample containing about 1976 words from a periodical (domain: applied science) </title><respStmt><resp> Data capture and transcription </resp><name> Oxford University Press </name> </respStmt></titleStmt><editionStmt><edition>BNC XML Edition, December 2006</edition></editionStmt><extent> 1976 tokens; 1984 w-units; 106 s-units </extent><publicationStmt><distributor>Distributed under licence by Oxford University Computing Services on behalf of the BNC Consortium.</distributor><availability> This material is protected by international copyright laws and may not be copied or redistributed in any way. Consult the BNC Web Site at http://www.natcorp.ox.ac.uk for full licencing and distribution conditions.</availability><idno type="bnc">K29</idno><idno type="old"> BcAppS </idno></publicationStmt><sourceDesc><bibl><title>Belfast Telegraph: Applied Science pages.</title> <imprint><publisher>u.p.</publisher> </imprint> </bibl></sourceDesc></fileDesc><encodingDesc><tagsDecl><namespace name=""><tagUsage gi="c" occurs="223"/><tagUsage gi="div" occurs="10"/><tagUsage gi="head" occurs="13"/><tagUsage gi="mw" occurs="17"/><tagUsage gi="p" occurs="65"/><tagUsage gi="s" occurs="106"/><tagUsage gi="w" occurs="1984"/></namespace></tagsDecl></encodingDesc><profileDesc><creation date="0000">0000-00-00 Origination/creation date not known </creation><textClass><catRef targets="alltim3 news  wriase0  wridom3   wrista0 "/><classCode scheme="DLEE">W newsp other: science</classCode><keywords><term> (none) </term></keywords></textClass></profileDesc><revisionDesc><change date="2006-10-21" who="#OUCS">Tag usage updated for BNC-XML</change><change date="2000-12-13" who="#OUCS">Last check for BNC World first release</change><change date="2000-09-01" who="#OUCS">Check all tagcounts</change><change date="2000-06-23" who="#OUCS">Resequenced s-units and added headers</change><change date="2000-01-21" who="#OUCS">Added date info</change><change date="2000-01-09" who="#OUCS">Updated all catrefs</change><change date="2000-01-08" who="#OUCS">Updated source title</change><change date="2000-01-08" who="#OUCS">Updated titles</change><change date="1999-12-25" who="#OUCS">corrected tagUsage</change><change date="1999-09-16" who="#UCREL">POS codes revised for BNC-2; header updated</change><change date="1994-11-25" who="#dominic">Initial accession to corpus</change></revisionDesc></teiHeader>
<wtext type="NEWS"><div level="1"><head>
<s n="1"><w c5="AJ0" hw="new" pos="ADJ">New </w><w c5="NN1" hw="move" pos="SUBST">move </w><w c5="PRP" hw="for" pos="PREP">for </w><w c5="NN1" hw="cancer" pos="SUBST">cancer </w><w c5="NN2" hw="victim" pos="SUBST">victims</w></s></head><p>
<s n="2"><w c5="AT0" hw="a" pos="ART">A </w><w c5="NN1" hw="course" pos="SUBST">COURSE </w><w c5="PRP" hw="in" pos="PREP">in </w><w c5="NN1" hw="cancer" pos="SUBST">cancer </w><w c5="NN1" hw="counselling" pos="SUBST">counselling </w><w c5="VBZ" hw="be" pos="VERB">is </w><w c5="TO0" hw="to" pos="PREP">to </w><w c5="VBI" hw="be" pos="VERB">be </w><w c5="VVN" hw="run" pos="VERB">run </w><w c5="PRP" hw="at" pos="PREP">at </w><w c5="NP0" hw="magee" pos="SUBST">Magee </w><w c5="NN1" hw="college" pos="SUBST">College </w><w c5="PRP" hw="in" pos="PREP">in </w><w c5="NP0" hw="londonderry" pos="SUBST">Londonderry </w><w c5="PRP" hw="for" pos="PREP">for </w><w c5="AT0" hw="the" pos="ART">the </w><w c5="ORD" hw="first" pos="ADJ">first </w><w c5="NN1" hw="time" pos="SUBST">time</w><c c5="PUN">.</c></s></p><p>
<s n="3"><w c5="AT0" hw="the" pos="ART">The </w><w c5="AJ0" hw="half-year" pos="ADJ">half-year </w><w c5="NN1" hw="course" pos="SUBST">course </w><w c5="VVZ" hw="begin" pos="VERB">begins </w><w c5="ORD" hw="next" pos="ADJ">next </w><w c5="NN1" hw="month" pos="SUBST">month </w><w c5="CJC" hw="and" pos="CONJ">and </w><w c5="VVZ" hw="offer" pos="VERB">offers </w><w c5="NN1" hw="tuition" pos="SUBST">tuition </w><w c5="PRP" hw="on" pos="PREP">on </w><w c5="NN1-VVG" hw="counselling" pos="SUBST">counselling </w><w c5="NN2" hw="skill" pos="SUBST">skills</w><c c5="PUN">, </c><w c5="CJS" hw="while" pos="CONJ">while </w><w c5="VVG" hw="concentrate" pos="VERB">concentrating </w><w c5="PRP-AVP" hw="on" pos="PREP">on </w><w c5="NN2" hw="issue" pos="SUBST">issues </w><w c5="AJ0" hw="relevant" pos="ADJ">relevant </w><w c5="PRP" hw="to" pos="PREP">to </w><w c5="VVG" hw="work" pos="VERB">working </w><w c5="PRP" hw="with" pos="PREP">with </w><w c5="NN1" hw="cancer" pos="SUBST">cancer </w><w c5="NN2" hw="sufferer" pos="SUBST">sufferers</w><c c5="PUN">.</c></s>
<s n="4"><w c5="PNP" hw="it" pos="PRON">It </w><w c5="VBZ" hw="be" pos="VERB">is </w><w c5="VVN" hw="believe" pos="VERB">believed </w><w c5="AT0" hw="the" pos="ART">the </w><w c5="AJ0-NN1" hw="open-entry" pos="ADJ">open-entry </w><w c5="NN1" hw="course" pos="SUBST">course </w><w c5="VBZ" hw="be" pos="VERB">is </w><w c5="AT0" hw="the" pos="ART">the </w><w c5="ORD" hw="first" pos="ADJ">first </w><w c5="PRF" hw="of" pos="PREP">of </w><w c5="DPS" hw="it" pos="PRON">its </w><w c5="NN1" hw="kind" pos="SUBST">kind </w><w c5="PRP" hw="in" pos="PREP">in </w><w c5="NP0" hw="northern" pos="SUBST">Northern </w><w c5="NP0" hw="ireland" pos="SUBST">Ireland</w><c c5="PUN">.</c></s>
<s n="5"><w c5="AT0" hw="the" pos="ART">The </w><w c5="NN1" hw="idea" pos="SUBST">idea </w><w c5="VVD" hw="come" pos="VERB">came </w><w c5="PRP" hw="from" pos="PREP">from </w><w c5="AT0" hw="the" pos="ART">the </w><w c5="NN1" hw="cancer" pos="SUBST">cancer </w><w c5="NN1-VVB" hw="support" pos="SUBST">support </w><w c5="NN1" hw="group" pos="SUBST">group </w><w c5="DTQ" hw="which" pos="PRON">which </w><w c5="VVZ" hw="meet" pos="VERB">meets </w><w c5="AT0" hw="every" pos="ART">every </w><w c5="NN1" hw="fortnight" pos="SUBST">fortnight </w><w c5="PRP" hw="at" pos="PREP">at </w><w c5="AT0" hw="the" pos="ART">the </w><w c5="NN1-NP0" hw="derry" pos="SUBST">Derry </w><w c5="NN1-AJ0" hw="well" pos="SUBST">Well </w><w c5="NN1" hw="woman" pos="SUBST">Woman </w><w c5="NN1" hw="centre" pos="SUBST">centre</w><c c5="PUN">.</c></s>
<s n="6"><w c5="AT0" hw="the" pos="ART">The </w><w c5="NN1" hw="group" pos="SUBST">group </w><w c5="VBZ" hw="be" pos="VERB">is </w><w c5="VVN" hw="make" pos="VERB">made </w><w c5="AVP" hw="up" pos="ADV">up </w><w c5="PRF" hw="of" pos="PREP">of </w><w c5="CRD" hw="20" pos="ADJ">20 </w><w c5="NN2" hw="woman" pos="SUBST">women </w><w c5="PNQ" hw="who" pos="PRON">who </w><w c5="VVB" hw="suffer" pos="VERB">suffer </w><w c5="PRP" hw="from" pos="PREP">from </w><w c5="AT0" hw="the" pos="ART">the </w><w c5="NN1" hw="disease" pos="SUBST">disease</w><c c5="PUN">.</c></s></p><p type="caption">
<s n="7"><w c5="AJ0-VVN" hw="trained" pos="ADJ">Trained </w><w c5="NN2" hw="counsellor" pos="SUBST">counsellors</w></s></p><p>
<s n="8"><w c5="DT0" hw="many" pos="ADJ">Many </w><w c5="VVD" hw="feel" pos="VERB">felt </w><w c5="PNP" hw="they" pos="PRON">they </w><w c5="VM0" hw="would" pos="VERB">would </w><w c5="VVI" hw="benefit" pos="VERB">benefit </w><w c5="PRP" hw="from" pos="PREP">from </w><w c5="AT0" hw="the" pos="ART">the </w><w c5="NN1" hw="assistance" pos="SUBST">assistance </w><w c5="PRF" hw="of" pos="PREP">of </w><w c5="AJ0" hw="trained" pos="ADJ">trained </w><w c5="NN1" hw="cancer" pos="SUBST">cancer </w><w c5="NN2" hw="counsellor" pos="SUBST">counsellors</w><c c5="PUN">, </c><w c5="AV0" hw="so" pos="ADV">so </w><w c5="NN1-VVB" hw="work" pos="SUBST">work </w><w c5="VVD" hw="begin" pos="VERB">began </w><w c5="PRP-AVP" hw="on" pos="PREP">on </w><w c5="VVG" hw="set" pos="VERB">setting </w><w c5="AVP" hw="up" pos="ADV">up </w><w c5="AT0" hw="the" pos="ART">the </w><w c5="NN1" hw="course" pos="SUBST">course</w><c c5="PUN">.</c></s>
<s n="9"><w c5="AV0" hw="now" pos="ADV">Now</w><c c5="PUN">, </c><w c5="NP0-NN1" hw="derry" pos="SUBST">Derry </w><w c5="AJ0-NN1" hw="well" pos="ADJ">Well </w><w c5="NN1" hw="woman" pos="SUBST">Woman </w><w c5="VHZ" hw="have" pos="VERB">has </w><w c5="VVN" hw="combine" pos="VERB">combined </w><w c5="PRP" hw="with" pos="PREP">with </w><w c5="AT0" hw="the" pos="ART">the </w><w c5="NN1" hw="university" pos="SUBST">University </w><w c5="PRF" hw="of" pos="PREP">of </w><w c5="NP0" hw="ulster" pos="SUBST">Ulster </w><w c5="CJC" hw="and" pos="CONJ">and </w><w c5="NN2" hw="representative" pos="SUBST">representatives </w><w c5="PRP" hw="from" pos="PREP">from </w><w c5="AT0" hw="the" pos="ART">the </w><w c5="AJ0" hw="western" pos="ADJ">Western </w><w c5="NN1" hw="health" pos="SUBST">Health </w><w c5="CJC" hw="and" pos="CONJ">and </w><w c5="AJ0" hw="social" pos="ADJ">Social </w><w c5="NN2" hw="service" pos="SUBST">Services </w><w c5="VVB-NN1" hw="board" pos="VERB">Board </w><w c5="TO0" hw="to" pos="PREP">to </w><w c5="VVI" hw="arrange" pos="VERB">arrange </w><w c5="AT0" hw="the" pos="ART">the </w><w c5="AJ0" hw="24-week" pos="ADJ">24-week </w><w c5="NN1" hw="course" pos="SUBST">course </w><w c5="PRP" hw="at" pos="PREP">at </w><w c5="NP0" hw="magee" pos="SUBST">Magee</w><c c5="PUN">.</c></s>
<s n="10"><w c5="NN1-NP0" hw="derry" pos="SUBST">Derry </w><w c5="NN1-AJ0" hw="well" pos="SUBST">Well </w><w c5="NN1" hw="woman" pos="SUBST">Woman </w><w c5="NN1" hw="co-ordinator" pos="SUBST">co-ordinator </w><w c5="NP0" hw="karen" pos="SUBST">Karen </w><w c5="NP0" hw="meehan" pos="SUBST">Meehan </w><w c5="VVD" hw="say" pos="VERB">said </w><w c5="AV0" hw="today" pos="ADV">today</w><c c5="PUN">: </c><c c5="PUQ">‘</c><w c5="PRP" hw="to" pos="PREP">To </w><w c5="AT0" hw="the" pos="ART">the </w><w c5="AJS" hw="good" pos="ADJ">best </w><w c5="PRF" hw="of" pos="PREP">of </w><w c5="DPS" hw="i" pos="PRON">my </w><w c5="NN1" hw="knowledge" pos="SUBST">knowledge </w><w c5="EX0" hw="there" pos="PRON">there </w><w c5="VBZ" hw="be" pos="VERB">is </w><w c5="AT0" hw="no" pos="ART">no </w><w c5="AJ0" hw="other" pos="ADJ">other </w><w c5="NN1" hw="course" pos="SUBST">course </w><w c5="PRP" hw="like" pos="PREP">like </w><w c5="DT0" hw="this" pos="ADJ">this</w><c c5="PUN">.</c></s>
<s n="11"><w c5="PNP" hw="we" pos="PRON">We </w><w c5="VHB" hw="have" pos="VERB">have </w><w c5="VBN" hw="be" pos="VERB">been </w><w c5="VVG" hw="plan" pos="VERB">planning </w><w c5="PNP" hw="it" pos="PRON">it </w><w c5="PRP" hw="for" pos="PREP">for </w><w c5="DT0" hw="more" pos="ADJ">more </w><w c5="CJS" hw="than" pos="CONJ">than </w><w c5="AT0" hw="a" pos="ART">a </w><w c5="NN1" hw="year" pos="SUBST">year</w><c c5="PUN">.</c></s></p><p>
<s n="12"><c c5="PUQ">‘</c><w c5="PNP" hw="we" pos="PRON">We </w><w c5="VVB" hw="hope" pos="VERB">hope </w><w c5="PNP" hw="it" pos="PRON">it </w><w c5="VM0" hw="can" pos="VERB">can </w><w c5="VVI" hw="help" pos="VERB">help </w><w c5="VVI" hw="improve" pos="VERB">improve </w><w c5="NN1" hw="cancer" pos="SUBST">cancer </w><w c5="NN1" hw="counselling" pos="SUBST">counselling </w><w c5="PRP" hw="in" pos="PREP">in </w><w c5="AT0" hw="the" pos="ART">the </w><w c5="NN1" hw="north" pos="SUBST">North </w><w c5="NN1" hw="west" pos="SUBST">West</w><c c5="PUN">.</c><c c5="PUQ">’</c></s>
<s n="13"><w c5="AT0" hw="the" pos="ART">The </w><w c5="NN1" hw="course" pos="SUBST">course </w><w c5="VBZ" hw="be" pos="VERB">is </w><w c5="VVN" hw="aim" pos="VERB">aimed </w><w c5="PRP" hw="at" pos="PREP">at </w><w c5="NN0" hw="people" pos="SUBST">people </w><w c5="PRP" hw="with" pos="PREP">with </w><w c5="AV0" hw="either" pos="ADV">either </w><w c5="AT0" hw="a" pos="ART">a </w><w c5="AJ0" hw="personal" pos="ADJ">personal </w><w c5="CJC" hw="or" pos="CONJ">or </w><w c5="AJ0" hw="professional" pos="ADJ">professional </w><w c5="NN1" hw="interest" pos="SUBST">interest </w><w c5="PRP" hw="in" pos="PREP">in </w><w c5="AT0" hw="the" pos="ART">the </w><w c5="NN1" hw="counselling" pos="SUBST">counselling </w><w c5="PRF" hw="of" pos="PREP">of </w><w c5="NN2" hw="cancer-sufferer" pos="SUBST">cancer-sufferers</w><c c5="PUN">.</c></s></p><p type="caption">
<s n="14"><w c5="NN1" hw="application" pos="SUBST">Application </w><w c5="NN1-VVB" hw="form" pos="SUBST">form</w></s></p><p>
<s n="15"><w c5="AT0" hw="the" pos="ART">The </w><w c5="NN1" hw="course" pos="SUBST">course </w><w c5="VHZ" hw="have" pos="VERB">has </w><w c5="NN1" hw="room" pos="SUBST">room </w><w c5="PRP" hw="for" pos="PREP">for </w><w c5="CRD" hw="20" pos="ADJ">20 </w><w c5="NN2" hw="student" pos="SUBST">students </w><w c5="CJC" hw="and" pos="CONJ">and </w><w c5="NN2" hw="application" pos="SUBST">applications </w><w c5="VBB" hw="be" pos="VERB">are </w><w c5="VVN" hw="invite" pos="VERB">invited </w><w c5="PRP" hw="from" pos="PREP">from </w><w c5="NN2" hw="man" pos="SUBST">men </w><w c5="CJC" hw="and" pos="CONJ">and </w><w c5="NN2" hw="woman" pos="SUBST">women</w><c c5="PUN">.</c></s>
<s n="16"><w c5="NN1" hw="selection" pos="SUBST">Selection </w><w c5="VM0" hw="will" pos="VERB">will </w><w c5="VBI" hw="be" pos="VERB">be </w><w c5="VVN" hw="base" pos="VERB">based </w><w c5="PRP" hw="on" pos="PREP">on </w><w c5="AT0" hw="an" pos="ART">an </w><w c5="NN1" hw="application" pos="SUBST">application </w><w c5="NN1-VVB" hw="form" pos="SUBST">form </w><w c5="CJC" hw="and" pos="CONJ">and </w><w c5="AT0" hw="an" pos="ART">an </w><w c5="NN1" hw="interview" pos="SUBST">interview</w><c c5="PUN">.</c></s></p><p>
<s n="17"><w c5="NN1" hw="admission" pos="SUBST">Admission </w><w c5="VBZ" hw="be" pos="VERB">is </w><w c5="AJ0" hw="free" pos="ADJ">free </w><w c5="CJS" hw="although" pos="CONJ">although </w><w c5="AT0" hw="a" pos="ART">a </w><w c5="NN1" hw="commitment" pos="SUBST">commitment </w><w c5="PRF" hw="of" pos="PREP">of </w><w c5="AT0" hw="a" pos="ART">a </w><w c5="AJ0" hw="specified" pos="ADJ">specified </w><w c5="NN1" hw="number" pos="SUBST">number </w><w c5="PRF" hw="of" pos="PREP">of </w><w c5="NN1" hw="counselling/" pos="SUBST">counselling/ </w><w c5="NN1" hw="training" pos="SUBST">training </w><w c5="NN2" hw="hour" pos="SUBST">hours </w><w c5="PRP" hw="per" pos="PREP">per </w><w c5="NN1" hw="week" pos="SUBST">week </w><w c5="VM0" hw="will" pos="VERB">will </w><w c5="VBI" hw="be" pos="VERB">be </w><w c5="VVN" hw="require" pos="VERB">required </w><w c5="PRP" hw="on" pos="PREP">on </w><w c5="NN1" hw="completion" pos="SUBST">completion </w><w c5="PRF" hw="of" pos="PREP">of </w><w c5="AT0" hw="the" pos="ART">the </w><w c5="NN1" hw="study" pos="SUBST">study</w><c c5="PUN">.</c></s>
<s n="18"><w c5="NN1" hw="application" pos="SUBST">Application </w><w c5="NN2" hw="form" pos="SUBST">forms </w><w c5="CJC" hw="and" pos="CONJ">and </w><w c5="AJC" hw="far" pos="ADJ">further </w><w c5="NN1" hw="information" pos="SUBST">information </w><w c5="PRP" hw="from" pos="PREP">from </w><w c5="NP0" hw="karen" pos="SUBST">Karen </w><w c5="NP0" hw="meehan" pos="SUBST">Meehan </w><w c5="PRP" hw="on" pos="PREP">on </w><w c5="NP0-NN1" hw="derry" pos="SUBST">Derry </w><w c5="CRD" hw="360777" pos="ADJ">360777</w><c c5="PUN">.</c></s>
<s n="19"><w c5="PRP" hw="by" pos="PREP">By </w><w c5="NP0" hw="mark" pos="SUBST">Mark </w><w c5="NP0" hw="simpson" pos="SUBST">Simpson</w></s></p></div><div level="1"><head>
<s n="20"><w c5="AJ0" hw="natural" pos="ADJ">Natural </w><w c5="NN1" hw="farming" pos="SUBST">farming</w></s></head><p>
<s n="21"><w c5="AT0" hw="the" pos="ART">THE </w><w c5="NP0" hw="stewart-moore" pos="SUBST">STEWART-MOORE </w><w c5="NN1" hw="farm" pos="SUBST">farm </w><w c5="PRP" hw="at" pos="PREP">at </w><w c5="NP0" hw="ballycastle" pos="SUBST">Ballycastle </w><w c5="VVD" hw="win" pos="VERB">won </w><w c5="AT0" hw="the" pos="ART">the </w><w c5="AJ0" hw="coveted" pos="ADJ">coveted </w><w c5="AJ0" hw="all-ireland" pos="ADJ">All-Ireland </w><w c5="NN1" hw="farming" pos="SUBST">Farming </w><w c5="CJC" hw="and" pos="CONJ">and </w><w c5="AJ0" hw="conservation" pos="ADJ">Conservation </w><w c5="NN1" hw="award" pos="SUBST">award </w><w c5="AV0" hw="early" pos="ADV">earlier </w><w c5="DT0" hw="this" pos="ADJ">this </w><w c5="NN1" hw="year" pos="SUBST">year</w><c c5="PUN">.</c></s>
<s n="22"><w c5="AV0" hw="so" pos="ADV">So </w><w c5="CRD" hw="200" pos="ADJ">200 </w><w c5="NN0" hw="people" pos="SUBST">people </w><w c5="VVD" hw="come" pos="VERB">came </w><w c5="PRP" hw="to" pos="PREP">to </w><w c5="AT0" hw="an" pos="ART">an </w><w c5="NN1" hw="event" pos="SUBST">event</w><c c5="PUN">, </c><w c5="VVN" hw="organise" pos="VERB">organised </w><w c5="PRP" hw="by" pos="PREP">by </w><w c5="AT0" hw="the" pos="ART">the </w><w c5="NN1-AJ0" hw="farming" pos="SUBST">Farming </w><w c5="NN1" hw="wildlife" pos="SUBST">Wildlife </w><w c5="CJC" hw="and" pos="CONJ">and </w><w c5="AJ0" hw="advisory" pos="ADJ">Advisory </w><w c5="NN1" hw="group" pos="SUBST">Group </w><c c5="PUN">— </c><w c5="VVB" hw="fwag" pos="VERB">FWAG </w><c c5="PUN">— </c><w c5="TO0" hw="to" pos="PREP">to </w><w c5="VVI" hw="see" pos="VERB">see </w><w c5="PRP" hw="for" pos="PREP">for </w><w c5="PNX" hw="themselves" pos="PRON">themselves </w><w c5="DTQ" hw="what" pos="PRON">what </w><w c5="VVD" hw="make" pos="VERB">made </w><w c5="PNP" hw="it" pos="PRON">it </w><w c5="AV0" hw="so" pos="ADV">so </w><w c5="AJ0" hw="special" pos="ADJ">special</w><c c5="PUN">.</c></s></p><p>
<s n="23"><w c5="CJC" hw="and" pos="CONJ">And </w><w c5="CJS" hw="as" pos="CONJ">as </w><w c5="PNP" hw="they" pos="PRON">they </w><w c5="VVD" hw="walk" pos="VERB">walked </w><w c5="PRP-AVP" hw="around" pos="PREP">around </w><w c5="AT0" hw="the" pos="ART">the </w><w c5="CRD" hw="230" pos="ADJ">230 </w><w c5="NN1" hw="acre" pos="SUBST">acre </w><w c5="NN1" hw="farm" pos="SUBST">farm</w><c c5="PUN">, </c><w c5="DT0" hw="all" pos="ADJ">all </w><w c5="PRF" hw="of" pos="PREP">of </w><w c5="PNP" hw="it" pos="PRON">it </w><w c5="PRP" hw="in" pos="PREP">in </w><w c5="AT0" hw="the" pos="ART">the </w><w c5="VVN-AJ0" hw="extend" pos="VERB">extended </w><w c5="AV0" hw="less" pos="ADV">Less </w><w c5="AJ0" hw="favoured" pos="ADJ">Favoured </w><w c5="NN2" hw="area" pos="SUBST">Areas</w><c c5="PUN">, </c><w c5="PNP" hw="they" pos="PRON">they </w><w c5="VBD" hw="be" pos="VERB">were </w><w c5="AJ0" hw="able" pos="ADJ">able </w><w c5="TO0" hw="to" pos="PREP">to </w><w c5="VVI" hw="see" pos="VERB">see </w><w c5="PRP" hw="at" pos="PREP">at </w><w c5="ORD" hw="first" pos="ADJ">first </w><w c5="NN1" hw="hand" pos="SUBST">hand </w><w c5="AVQ" hw="why" pos="ADV">why </w><w c5="NP0" hw="hume" pos="SUBST">Hume </w><w c5="NP0" hw="stewart-moore" pos="SUBST">Stewart-Moore </w><w c5="CJC" hw="and" pos="CONJ">and </w><w c5="DPS" hw="he" pos="PRON">his </w><w c5="NN1" hw="son" pos="SUBST">son </w><w c5="NP0" hw="michael" pos="SUBST">Michael </w><w c5="VBD" hw="be" pos="VERB">were </w><w c5="AV0" hw="so" pos="ADV">so </w><w c5="AJ0" hw="successful" pos="ADJ">successful</w><c c5="PUN">.</c></s>
<s n="24"><w c5="PRP" hw="on" pos="PREP">On </w><w c5="AT0" hw="the" pos="ART">the </w><w c5="NN1" hw="farm" pos="SUBST">farm </w><w c5="DT0" hw="many" pos="ADJ">many </w><w c5="AJ0" hw="conservation" pos="ADJ">conservation </w><w c5="NN2" hw="measure" pos="SUBST">measures </w><w c5="VHB" hw="have" pos="VERB">have </w><w c5="VBN" hw="be" pos="VERB">been </w><w c5="VVN" hw="undertake" pos="VERB">undertaken</w><c c5="PUN">, </c><w c5="PRP" hw="including" pos="PREP">including </w><w c5="AJ0" hw="extensive" pos="ADJ">extensive </w><w c5="NN1" hw="tree" pos="SUBST">tree </w><w c5="NN2" hw="planting" pos="SUBST">plantings</w><c c5="PUN">; </c><w c5="NN1" hw="restoration" pos="SUBST">restoration </w><w c5="PRF" hw="of" pos="PREP">of </w><w c5="AJ0" hw="traditional" pos="ADJ">traditional </w><w c5="NN1" hw="stone" pos="SUBST">stone </w><w c5="NN2" hw="wall" pos="SUBST">walls </w><w c5="CJC" hw="and" pos="CONJ">and </w><w c5="AT0" hw="the" pos="ART">the </w><w c5="NN1" hw="creation" pos="SUBST">creation </w><w c5="PRF" hw="of" pos="PREP">of </w><w c5="CRD" hw="two" pos="ADJ">two </w><w c5="NN2" hw="pond" pos="SUBST">ponds</w><c c5="PUN">, </c><w c5="CRD" hw="one" pos="ADJ">one </w><w c5="PRP" hw="for" pos="PREP">for </w><w c5="NN2" hw="duck" pos="SUBST">ducks </w><w c5="CJC" hw="and" pos="CONJ">and </w><w c5="AT0" hw="the" pos="ART">the </w><w c5="NN1" hw="other" pos="SUBST">other </w><w c5="PRP-CJS" hw="as" pos="PREP">as </w><w c5="AT0" hw="a" pos="ART">a </w><w c5="AJ0" hw="rich" pos="ADJ">rich </w><w c5="NN1" hw="habitat" pos="SUBST">habitat </w><w c5="PRP" hw="for" pos="PREP">for </w><w c5="AT0" hw="a" pos="ART">a </w><w c5="NN1" hw="range" pos="SUBST">range </w><w c5="PRF" hw="of" pos="PREP">of </w><w c5="AJ0" hw="aquatic" pos="ADJ">aquatic </w><w c5="NN0" hw="flora" pos="SUBST">flora </w><w c5="CJC" hw="and" pos="CONJ">and </w><w c5="NN0" hw="fauna" pos="SUBST">fauna</w><c c5="PUN">.</c></s></p><p>
<s n="25"><w c5="AT0" hw="the" pos="ART">The </w><w c5="NP0" hw="stewart-moore" pos="SUBST">Stewart-Moore </w><w c5="NN1" hw="farm" pos="SUBST">farm </w><w c5="VBZ" hw="be" pos="VERB">is </w><w c5="AV0" hw="now" pos="ADV">now </w><w c5="AV0" hw="widely" pos="ADV">widely </w><w c5="VVN" hw="recognise" pos="VERB">recognised </w><w c5="PRP" hw="as" pos="PREP">as </w><w c5="CRD" hw="one" pos="ADJ">one </w><w c5="PRF" hw="of" pos="PREP">of </w><w c5="AT0" hw="the" pos="ART">the </w><w c5="AJS" hw="good" pos="ADJ">best </w><w c5="NN2" hw="example" pos="SUBST">examples </w><w c5="PRP" hw="in" pos="PREP">in </w><w c5="NP0" hw="ireland" pos="SUBST">Ireland </w><w c5="PRF" hw="of" pos="PREP">of </w><w c5="AJ0" hw="commercial" pos="ADJ">commercial </w><w c5="NN1" hw="farming" pos="SUBST">farming </w><w c5="VVG" hw="complement" pos="VERB">complementing </w><w c5="NN1-AJ0" hw="conservation" pos="SUBST">conservation</w><c c5="PUN">.</c></s></p></div><div level="1"><head>
<s n="26"><w c5="NP0" hw="indiana" pos="SUBST">INDIANA</w></s></head><head>
<s n="27"><w c5="NN1-VVB" hw="feast" pos="SUBST">Feast </w><w c5="PRP" hw="for" pos="PREP">for </w><w c5="NN2" hw="boffin" pos="SUBST">boffins</w></s></head><p>
<s n="28"><w c5="AT0" hw="a" pos="ART">A </w><w c5="AJ0" hw="40-lb" pos="ADJ">40-lb </w><w c5="NN1" hw="mushroom" pos="SUBST">mushroom </w><w c5="CJT-DT0" hw="that" pos="CONJ">that </w><w c5="VBD" hw="be" pos="VERB">was </w><w c5="VVG" hw="go" pos="VERB">going </w><w c5="TO0" hw="to" pos="PREP">to </w><w c5="VBI" hw="be" pos="VERB">be </w><w c5="VVN-AJ0" hw="dry" pos="VERB">dried </w><w c5="CJC" hw="and" pos="CONJ">and </w><w c5="VVN-VVD" hw="store" pos="VERB">stored </w><w c5="PRP" hw="at" pos="PREP">at </w><w c5="AT0" hw="a" pos="ART">a </w><w c5="NP0" hw="us" pos="SUBST">US </w><w c5="NN1" hw="university" pos="SUBST">university </w><w c5="PRP" hw="as" pos="PREP">as </w><w c5="AT0" hw="an" pos="ART">an </w><w c5="AJ0" hw="educational" pos="ADJ">educational </w><w c5="NN1" hw="specimen" pos="SUBST">specimen </w><w c5="VBD" hw="be" pos="VERB">was </w><w c5="AV0" hw="instead" pos="ADV">instead </w><w c5="VVB" hw="sauteed" pos="VERB">sauteed </w><w c5="PRP-AVP" hw="in" pos="PREP">in </w><w c5="NN1" hw="butter" pos="SUBST">butter </w><w c5="CJC" hw="and" pos="CONJ">and </w><w c5="VVN" hw="eat" pos="VERB">eaten </w><w c5="PRP" hw="by" pos="PREP">by </w><w c5="CRD" hw="three" pos="ADJ">three </w><w c5="NN2" hw="scientist" pos="SUBST">scientists</w><c c5="PUN">.</c></s>
<s n="29"><w c5="AT0" hw="the" pos="ART">The </w><w c5="NN1" hw="mushroom" pos="SUBST">mushroom</w><c c5="PUN">, </c><w c5="PRP" hw="at" pos="PREP">at </w><w c5="CRD" hw="26" pos="ADJ">26 </w><w c5="NN2" hw="inch" pos="SUBST">inches </w><w c5="AV0" hw="across" pos="ADV">across</w><c c5="PUN">, </c><w c5="VBD" hw="be" pos="VERB">was </w><w c5="AV0" hw="too" pos="ADV">too </w><w c5="AJ0" hw="big" pos="ADJ">big </w><w c5="TO0" hw="to" pos="PREP">to </w><w c5="VVI" hw="fit" pos="VERB">fit </w><w c5="PRP-AVP" hw="in" pos="PREP">in </w><w c5="AT0" hw="a" pos="ART">a </w><w c5="AJ0" hw="special" pos="ADJ">special </w><w c5="NN1" hw="dryer" pos="SUBST">dryer </w><w c5="PRP" hw="at" pos="PREP">at </w><w c5="NP0-NN1" hw="purdue" pos="SUBST">Purdue </w><w c5="NN1" hw="university" pos="SUBST">University</w><w c5="POS" hw="'s" pos="UNC">'s </w><w c5="NN1" hw="plant" pos="SUBST">plant </w><w c5="CJC" hw="and" pos="CONJ">and </w><w c5="NN2" hw="fungus" pos="SUBST">fungi </w><w c5="NN1" hw="collection" pos="SUBST">collection </w><w c5="PRP" hw="in" pos="PREP">in </w><w c5="NN1" hw="west" pos="SUBST">West </w><w c5="NP0-NN1" hw="lafayette" pos="SUBST">Lafayette</w><c c5="PUN">, </c><w c5="NP0" hw="indiana" pos="SUBST">Indiana</w><c c5="PUN">.</c></s></p><p>
<s n="30"><c c5="PUQ">‘</c><w c5="PNP" hw="it" pos="PRON">It</w><w c5="VBZ" hw="be" pos="VERB">'s </w><w c5="AJ0" hw="edible" pos="ADJ">edible</w><c c5="PUN">, </c><w c5="PNP" hw="you" pos="PRON">you </w><w c5="VVB" hw="know" pos="VERB">know</w><c c5="PUN">, </c><w c5="CJS" hw="so" pos="CONJ">so </w><w c5="EX0" hw="there" pos="PRON">there </w><w c5="VBD" hw="be" pos="VERB">were </w><w c5="CRD" hw="three" pos="ADJ">three </w><w c5="NN2" hw="professor" pos="SUBST">professors </w><w c5="AVP" hw="up" pos="ADV">up </w><w c5="AV0" hw="here" pos="ADV">here </w><w c5="CJC" hw="and" pos="CONJ">and </w><w c5="PNP" hw="they" pos="PRON">they </w><w c5="VVD" hw="decide" pos="VERB">decided </w><w c5="TO0" hw="to" pos="PREP">to </w><w c5="VVI" hw="divide" pos="VERB">divide </w><w c5="PNP" hw="it" pos="PRON">it </w><w c5="AVP" hw="up" pos="ADV">up </w><w c5="CJC" hw="and" pos="CONJ">and </w><w c5="VVB" hw="eat" pos="VERB">eat </w><w c5="PNP" hw="it" pos="PRON">it</w><c c5="PUN">,</c><c c5="PUQ">’ </c><w c5="VVD" hw="say" pos="VERB">said </w><w c5="NP0" hw="joe" pos="SUBST">Joe </w><w c5="NP0" hw="hennen" pos="SUBST">Hennen</w><c c5="PUN">, </c><w c5="AT0" hw="a" pos="ART">a </w><w c5="NN1" hw="professor" pos="SUBST">professor </w><w c5="PRF" hw="of" pos="PREP">of </w><w c5="NN1" hw="botany" pos="SUBST">botany</w><c c5="PUN">.</c></s></p></div><div level="1"><head>
<s n="31"><w c5="NP0" hw="japan" pos="SUBST">JAPAN</w></s></head><head>
<s n="32"><w c5="NN1-VVG" hw="breeding" pos="SUBST">Breeding </w><w c5="PRP" hw="like" pos="PREP">like </w><w c5="NN2" hw="gibbon" pos="SUBST">gibbons</w><c c5="PUN">…</c></s></head><p>
<s n="33"><w c5="NN1" hw="taka" pos="SUBST">TAKA </w><w c5="CJC" hw="and" pos="CONJ">and </w><w c5="NP0-NN1" hw="mari" pos="SUBST">Mari</w><c c5="PUN">, </c><w c5="AT0" hw="a" pos="ART">a </w><w c5="NN0" hw="pair" pos="SUBST">pair </w><w c5="PRF" hw="of" pos="PREP">of </w><w c5="NN2" hw="gibbon" pos="SUBST">gibbons</w><c c5="PUN">, </c><w c5="AV0" hw="both" pos="ADV">both </w><mw c5="AV0"><w c5="PRP" hw="at" pos="PREP">at </w><w c5="AV0" hw="least" pos="ADV">least </w></mw><w c5="CRD" hw="31" pos="ADJ">31 </w><w c5="NN2" hw="year" pos="SUBST">years </w><w c5="AJ0" hw="old" pos="ADJ">old</w><c c5="PUN">, </c><w c5="VHB" hw="have" pos="VERB">have </w><w c5="VHN" hw="have" pos="VERB">had </w><w c5="DPS" hw="they" pos="PRON">their </w><w c5="ORD" hw="29th" pos="ADJ">29th </w><w c5="NN1" hw="baby" pos="SUBST">baby </w><w c5="CJC" hw="and" pos="CONJ">and </w><w c5="VM0" hw="could" pos="VERB">could </w><w c5="VVI" hw="win" pos="VERB">win </w><w c5="AT0" hw="a" pos="ART">a </w><w c5="NN1" hw="place" pos="SUBST">place </w><w c5="PRP" hw="in" pos="PREP">in </w><w c5="AT0" hw="the" pos="ART">the </w><w c5="NP0" hw="guinness" pos="SUBST">Guinness </w><w c5="NN1" hw="book" pos="SUBST">Book </w><w c5="PRF" hw="of" pos="PREP">of </w><w c5="NN2" hw="record" pos="SUBST">Records </w><w c5="PRP" hw="as" pos="PREP">as </w><w c5="AT0" hw="the" pos="ART">the </w><w c5="NN1" hw="world" pos="SUBST">world</w><w c5="POS" hw="'s" pos="UNC">'s </w><w c5="AV0" hw="most" pos="ADV">most </w><w c5="AJ0" hw="prolific" pos="ADJ">prolific </w><w c5="NN1" hw="monkey" pos="SUBST">monkey </w><w c5="NN2" hw="parent" pos="SUBST">parents</w><c c5="PUN">, </c><w c5="VVD" hw="say" pos="VERB">said </w><w c5="AT0" hw="a" pos="ART">a </w><w c5="NN1" hw="vet" pos="SUBST">vet </w><w c5="PRP" hw="at" pos="PREP">at </w><w c5="AT0" hw="a" pos="ART">a </w><w c5="NN1" hw="zoo" pos="SUBST">zoo </w><w c5="PRP" hw="in" pos="PREP">in </w><w c5="NP0-NN1" hw="hyogo" pos="SUBST">Hyogo</w><c c5="PUN">, </c><w c5="NP0" hw="japan" pos="SUBST">Japan</w><c c5="PUN">.</c></s></p></div><div level="1"><head>
<s n="34"><w c5="NN1" hw="loch" pos="SUBST">LOCH </w><w c5="NP0" hw="lomond" pos="SUBST">LOMOND</w></s></head><head>
<s n="35"><c c5="PUQ">‘</c><w c5="NN1" hw="pea" pos="SUBST">Pea </w><w c5="NN1" hw="soup" pos="SUBST">soup</w><c c5="PUQ">’ </c><w c5="NN1" hw="threat" pos="SUBST">threat </w><w c5="PRP" hw="to" pos="PREP">to </w><w c5="NN1" hw="loch" pos="SUBST">loch</w></s></head><p>
<s n="36"><w c5="NP0" hw="loch" pos="SUBST">LOCH </w><w c5="NP0" hw="lomond" pos="SUBST">Lomond </w><w c5="VBZ" hw="be" pos="VERB">is </w><w c5="PRP" hw="in" pos="PREP">in </w><w c5="NN1" hw="danger" pos="SUBST">danger </w><w c5="PRF" hw="of" pos="PREP">of </w><w c5="VVG-NN1" hw="turn" pos="VERB">turning </w><w c5="PRP" hw="into" pos="PREP">into </w><c c5="PUQ">‘</c><w c5="NN1" hw="pea" pos="SUBST">pea </w><w c5="NN1" hw="soup" pos="SUBST">soup</w><c c5="PUQ">’</c><c c5="PUN">, </c><w c5="AT0" hw="a" pos="ART">a </w><w c5="NN1" hw="scientist" pos="SUBST">scientist </w><w c5="VVD-VVN" hw="warn" pos="VERB">warned</w><c c5="PUN">.</c></s>
<s n="37"><w c5="NP0" hw="dr" pos="SUBST">Dr </w><w c5="NP0" hw="kevin" pos="SUBST">Kevin </w><w c5="NP0" hw="murphy" pos="SUBST">Murphy</w><c c5="PUN">, </c><w c5="PRF" hw="of" pos="PREP">of </w><w c5="NP0" hw="glasgow" pos="SUBST">Glasgow </w><w c5="NN1" hw="university" pos="SUBST">University</w><c c5="PUN">, </c><w c5="VVD" hw="say" pos="VERB">said </w><w c5="NN2" hw="alga" pos="SUBST">algae </w><w c5="VBD" hw="be" pos="VERB">was </w><w c5="VVG-AJ0" hw="cover" pos="VERB">covering </w><w c5="NN2" hw="plant" pos="SUBST">plants </w><w c5="PRP" hw="with" pos="PREP">with </w><w c5="AJ0" hw="thick" pos="ADJ">thick </w><w c5="AJ0" hw="furry" pos="ADJ">furry </w><w c5="NN1" hw="slime" pos="SUBST">slime</w><c c5="PUN">.</c></s>
<s n="38"><w c5="CJS" hw="if" pos="CONJ">If </w><w c5="NN1" hw="plant" pos="SUBST">plant </w><w c5="NN1" hw="life" pos="SUBST">life </w><w c5="VBZ" hw="be" pos="VERB">is </w><w c5="VVN" hw="kill" pos="VERB">killed </w><w c5="AVP" hw="off" pos="ADV">off</w><c c5="PUN">, </c><w c5="AT0" hw="the" pos="ART">the </w><w c5="NN1" hw="eco-system" pos="SUBST">eco-system </w><w c5="VM0" hw="could" pos="VERB">could </w><w c5="VBI" hw="be" pos="VERB">be </w><w c5="AV0" hw="permanently" pos="ADV">permanently </w><w c5="VVN" hw="damage" pos="VERB">damaged</w><c c5="PUN">, </c><w c5="VVD" hw="say" pos="VERB">said </w><w c5="NP0" hw="dr" pos="SUBST">Dr </w><w c5="NP0" hw="murphy" pos="SUBST">Murphy</w><c c5="PUN">, </c><w c5="PRF" hw="of" pos="PREP">of </w><w c5="AT0" hw="the" pos="ART">the </w><w c5="NN1" hw="university" pos="SUBST">University</w><w c5="POS" hw="'s" pos="UNC">'s </w><w c5="NN1" hw="centre" pos="SUBST">Centre </w><w c5="PRP" hw="for" pos="PREP">for </w><w c5="NN1" hw="research" pos="SUBST">Research </w><w c5="PRP" hw="in" pos="PREP">in </w><w c5="AJ0" hw="environmental" pos="ADJ">Environmental </w><w c5="NN1" hw="science" pos="SUBST">Science </w><w c5="CJC" hw="and" pos="CONJ">and </w><w c5="NN1" hw="technology" pos="SUBST">Technology</w><c c5="PUN">.</c></s></p></div><div level="1"><head>
<s n="39"><w c5="NN1" hw="flu" pos="SUBST">Flu </w><w c5="NN2-VVZ" hw="germ" pos="SUBST">germs </w><w c5="VVB-NN1" hw="link" pos="VERB">link </w><w c5="PRP" hw="to" pos="PREP">to </w><w c5="NN1" hw="schizophrenia" pos="SUBST">schizophrenia</w></s></head><p>
<s n="40"><w c5="NN2" hw="woman" pos="SUBST">WOMEN </w><w c5="VVN-VVD" hw="expose" pos="VERB">exposed </w><w c5="PRP" hw="to" pos="PREP">to </w><w c5="NN1" hw="flu" pos="SUBST">flu </w><w c5="VVZ-NN2" hw="germ" pos="VERB">germs </w><w c5="PRP" hw="in" pos="PREP">in </w><w c5="AT0" hw="the" pos="ART">the </w><w c5="ORD" hw="fifth" pos="ADJ">fifth </w><w c5="CJC" hw="or" pos="CONJ">or </w><w c5="ORD" hw="sixth" pos="ADJ">sixth </w><w c5="NN2" hw="month" pos="SUBST">months </w><w c5="PRF" hw="of" pos="PREP">of </w><w c5="NN1" hw="pregnancy" pos="SUBST">pregnancy </w><w c5="NN1" hw="risk" pos="SUBST">risk </w><w c5="VHG" hw="have" pos="VERB">having </w><w c5="AT0" hw="a" pos="ART">a </w><w c5="AJ0" hw="schizophrenic" pos="ADJ">schizophrenic </w><w c5="NN1" hw="baby" pos="SUBST">baby</w><c c5="PUN">, </c><w c5="NN2" hw="researcher" pos="SUBST">researchers </w><w c5="VVD" hw="warn" pos="VERB">warned </w><w c5="AV0" hw="today" pos="ADV">today</w><c c5="PUN">.</c></s></p><p>
<s n="41"><w c5="NN1" hw="schizophrenia" pos="SUBST">Schizophrenia</w><c c5="PUN">, </c><w c5="CJC" hw="or" pos="CONJ">or </w><w c5="AJ0" hw="split" pos="ADJ">split </w><w c5="NN1" hw="personality" pos="SUBST">personality</w><c c5="PUN">, </c><w c5="VBZ" hw="be" pos="VERB">is </w><w c5="AT0" hw="the" pos="ART">the </w><w c5="AV0" hw="most" pos="ADV">most </w><w c5="AJ0" hw="common" pos="ADJ">common </w><w c5="AJ0" hw="serious" pos="ADJ">serious </w><w c5="AJ0" hw="mental" pos="ADJ">mental </w><w c5="NN1" hw="illness" pos="SUBST">illness </w><w c5="CJC" hw="and" pos="CONJ">and </w><w c5="NN2" hw="study" pos="SUBST">studies </w><w c5="VVD-VVN" hw="carry" pos="VERB">carried </w><w c5="AVP" hw="out" pos="ADV">out </w><w c5="AV0" hw="so" pos="ADV">so </w><w c5="AV0" hw="far" pos="ADV">far </w><w c5="VVB-NN1" hw="hint" pos="VERB">hint </w><w c5="PRP" hw="at" pos="PREP">at </w><w c5="AT0" hw="a" pos="ART">a </w><w c5="AJ0" hw="genetic" pos="ADJ">genetic </w><w c5="NN1" hw="link" pos="SUBST">link</w><c c5="PUN">, </c><w c5="CJS" hw="although" pos="CONJ">although </w><w c5="AT0" hw="no" pos="ART">no </w><w c5="AJ0" hw="susceptible" pos="ADJ">susceptible </w><w c5="NN2" hw="gene" pos="SUBST">genes </w><w c5="VHB" hw="have" pos="VERB">have </w><w c5="AV0" hw="yet" pos="ADV">yet </w><w c5="VBN" hw="be" pos="VERB">been </w><w c5="VVN" hw="identify" pos="VERB">identified</w><c c5="PUN">.</c></s>
<s n="42"><w c5="NP0" hw="professor" pos="SUBST">Professor </w><w c5="NP0" hw="robin" pos="SUBST">Robin </w><w c5="NP0" hw="murray" pos="SUBST">Murray</w><c c5="PUN">, </c><w c5="PRF" hw="of" pos="PREP">of </w><w c5="AT0" hw="the" pos="ART">the </w><w c5="NN1" hw="institute" pos="SUBST">Institute </w><w c5="PRF" hw="of" pos="PREP">of </w><w c5="NP0-NN1" hw="psychiatry" pos="SUBST">Psychiatry </w><w c5="CJC" hw="and" pos="CONJ">and </w><w c5="NN1-NP0" hw="king" pos="SUBST">King</w><w c5="POS" hw="'s" pos="UNC">'s </w><w c5="NN1" hw="college" pos="SUBST">College </w><w c5="NN1" hw="hospital" pos="SUBST">Hospital</w><c c5="PUN">, </c><w c5="NP0" hw="london" pos="SUBST">London</w><c c5="PUN">, </c><w c5="VVD" hw="tell" pos="VERB">told </w><w c5="AT0" hw="the" pos="ART">the </w><w c5="AJ0" hw="annual" pos="ADJ">annual </w><w c5="AJ0" hw="british" pos="ADJ">British </w><w c5="NN1" hw="association" pos="SUBST">Association </w><w c5="NN1" hw="science" pos="SUBST">Science </w><w c5="NN1" hw="festival" pos="SUBST">Festival</w><c c5="PUN">, </c><w c5="PRP" hw="at" pos="PREP">at </w><w c5="NP0" hw="keele" pos="SUBST">Keele </w><w c5="NN1" hw="university" pos="SUBST">University</w><c c5="PUN">, </c><w c5="NP0" hw="staffordshire" pos="SUBST">Staffordshire</w><c c5="PUN">, </c><w c5="AT0" hw="the" pos="ART">the </w><w c5="NN1" hw="flu" pos="SUBST">flu </w><w c5="NN1-VVB" hw="risk" pos="SUBST">risk </w><w c5="PRP" hw="to" pos="PREP">to </w><w c5="AJ0" hw="unborn" pos="ADJ">unborn </w><w c5="NN2" hw="baby" pos="SUBST">babies </w><w c5="VVD" hw="seem" pos="VERB">seemed </w><w c5="TO0" hw="to" pos="PREP">to </w><w c5="VVI" hw="affect" pos="VERB">affect </w><w c5="NN2" hw="girl" pos="SUBST">girls </w><w c5="AV0" hw="rather" pos="ADV">rather </w><w c5="CJT" hw="that" pos="CONJ">that </w><w c5="NN2" hw="boy" pos="SUBST">boys </w><w c5="VVG" hw="follow" pos="VERB">following </w><w c5="CRD" hw="four" pos="ADJ">four </w><w c5="NN2" hw="study" pos="SUBST">studies </w><w c5="PNP" hw="he" pos="PRON">he </w><w c5="VHD" hw="have" pos="VERB">had </w><w c5="VVN" hw="carry" pos="VERB">carried </w><w c5="AVP" hw="out" pos="ADV">out </w><w c5="PRP" hw="in" pos="PREP">in </w><w c5="NP0" hw="england" pos="SUBST">England</w><c c5="PUN">.</c></s></p><p type="caption">
<s n="43"><w c5="AJ0" hw="abnormal" pos="ADJ">Abnormal</w></s></p><p>
<s n="44"><w c5="CJC" hw="and" pos="CONJ">And </w><w c5="NN1" hw="investigation" pos="SUBST">investigation </w><w c5="PRF" hw="of" pos="PREP">of </w><w c5="NN1" hw="brain" pos="SUBST">brain </w><w c5="NN2" hw="cell" pos="SUBST">cells </w><w c5="VVD" hw="show" pos="VERB">showed </w><w c5="NN2" hw="abnormality" pos="SUBST">abnormalities </w><w c5="PRP" hw="in" pos="PREP">in </w><w c5="NN2" hw="sufferer" pos="SUBST">sufferers</w><c c5="PUN">.</c></s>
<s n="45"><w c5="PNP" hw="he" pos="PRON">He </w><w c5="VVD" hw="tell" pos="VERB">told </w><w c5="AT0" hw="the" pos="ART">the </w><w c5="NN1" hw="conference" pos="SUBST">conference </w><w c5="AJ0" hw="pre-natal" pos="ADJ">pre-natal </w><w c5="AJ0" hw="viral" pos="ADJ">viral </w><w c5="NN1" hw="illness" pos="SUBST">illness </w><w c5="VM0" hw="may" pos="VERB">may </w><w c5="VVI" hw="explain" pos="VERB">explain </w><w c5="AT0" hw="the" pos="ART">the </w><w c5="AJC" hw="high" pos="ADJ">higher </w><w c5="NN2" hw="rate" pos="SUBST">rates </w><w c5="PRF" hw="of" pos="PREP">of </w><w c5="NN1" hw="schizophrenia" pos="SUBST">schizophrenia</w><c c5="PUN">, </c><w c5="VVN-VVD" hw="find" pos="VERB">found </w><w c5="PRP" hw="in" pos="PREP">in </w><w c5="AJ0" hw="city-born" pos="ADJ">city-born </w><w c5="NN0" hw="people" pos="SUBST">people </w><w c5="CJC" hw="and" pos="CONJ">and </w><w c5="PRP" hw="in" pos="PREP">in </w><w c5="AJ0" hw="afro-caribbean" pos="ADJ">Afro-Caribbean </w><w c5="NN2" hw="immigrant" pos="SUBST">immigrants </w><w c5="PRP" hw="in" pos="PREP">in </w><w c5="NP0" hw="england" pos="SUBST">England</w><c c5="PUN">.</c></s>
<s n="46"><w c5="NP0" hw="professor" pos="SUBST">Professor </w><w c5="NP0" hw="murray" pos="SUBST">Murray </w><w c5="VVZ" hw="believe" pos="VERB">believes </w><w c5="AT0" hw="the" pos="ART">the </w><w c5="NN1" hw="root" pos="SUBST">root </w><w c5="PRF" hw="of" pos="PREP">of </w><w c5="AT0" hw="the" pos="ART">the </w><w c5="NN1" hw="problem" pos="SUBST">problem </w><w c5="VVZ-NN2" hw="lie" pos="VERB">lies </w><w c5="PRP" hw="in" pos="PREP">in </w><w c5="AT0" hw="a" pos="ART">a </w><w c5="NN1" hw="fault" pos="SUBST">fault </w><w c5="PRP" hw="with" pos="PREP">with </w><w c5="AT0" hw="the" pos="ART">the </w><w c5="NN1" hw="child" pos="SUBST">child</w><w c5="POS" hw="'s" pos="UNC">'s </w><w c5="AJ0" hw="immune" pos="ADJ">immune </w><w c5="NN2" hw="cell" pos="SUBST">cells </w><w c5="PRP" hw="in" pos="PREP">in </w><w c5="AT0" hw="the" pos="ART">the </w><w c5="NN1" hw="brain" pos="SUBST">brain</w><c c5="PUN">.</c></s></p><p>
<s n="47"><w c5="CJS" hw="if" pos="CONJ">If </w><w c5="AT0" hw="a" pos="ART">a </w><c c5="PUQ">‘</c><w c5="NN1" hw="schizophrenia" pos="SUBST">schizophrenia</w><c c5="PUQ">’ </c><w c5="NN1" hw="gene" pos="SUBST">gene </w><w c5="VBZ" hw="be" pos="VERB">is </w><w c5="AJ0" hw="involved" pos="ADJ">involved </w><w c5="PRP" hw="in" pos="PREP">in </w><w c5="AT0" hw="the" pos="ART">the </w><w c5="AJ0" hw="immune" pos="ADJ">immune </w><w c5="NN1" hw="response" pos="SUBST">response </w><w c5="PRP" hw="to" pos="PREP">to </w><w c5="AJ0" hw="viral" pos="ADJ">viral </w><w c5="NN2" hw="infection" pos="SUBST">infections</w><c c5="PUN">, </c><w c5="PNP" hw="it" pos="PRON">it </w><w c5="VM0" hw="could" pos="VERB">could </w><w c5="VVI" hw="explain" pos="VERB">explain </w><w c5="AT0" hw="the" pos="ART">the </w><w c5="NN1" hw="persistence" pos="SUBST">persistence </w><w c5="PRF" hw="of" pos="PREP">of </w><w c5="DT0" hw="such" pos="ADJ">such </w><w c5="AT0" hw="a" pos="ART">a </w><w c5="AV0" hw="seemingly" pos="ADV">seemingly </w><w c5="AJ0" hw="disadvantageous" pos="ADJ">disadvantageous </w><w c5="NN1" hw="gene" pos="SUBST">gene </w><w c5="PRP" hw="in" pos="PREP">in </w><w c5="AT0" hw="the" pos="ART">the </w><w c5="NN1" hw="population" pos="SUBST">population</w><c c5="PUN">, </c><w c5="PNP" hw="he" pos="PRON">he </w><w c5="VVD" hw="say" pos="VERB">said</w><c c5="PUN">.</c></s>
<s n="48"><c c5="PUQ">‘</c><w c5="CRD" hw="thirty" pos="ADJ">Thirty </w><w c5="NN2" hw="year" pos="SUBST">years </w><w c5="AV0" hw="ago" pos="ADV">ago </w><w c5="NP0" hw="julian" pos="SUBST">Julian </w><w c5="NP0" hw="huxley" pos="SUBST">Huxley </w><w c5="CJC" hw="and" pos="CONJ">and </w><w c5="NP0" hw="eliot" pos="SUBST">Eliot </w><w c5="NP0" hw="slater" pos="SUBST">Slater </w><w c5="VVD" hw="speculate" pos="VERB">speculated </w><w c5="CJT" hw="that" pos="CONJ">that </w><w c5="AT0" hw="the" pos="ART">the </w><w c5="NN1" hw="reason" pos="SUBST">reason </w><w c5="AVQ" hw="why" pos="ADV">why </w><w c5="AT0" hw="the" pos="ART">the </w><w c5="AJ0" hw="disadvantageous" pos="ADJ">disadvantageous </w><w c5="NN1" hw="schizophrenia" pos="SUBST">schizophrenia </w><w c5="NN1" hw="gene" pos="SUBST">gene </w><w c5="VBD" hw="be" pos="VERB">was </w><w c5="XX0" hw="not" pos="ADV">not </w><w c5="AV0" hw="progressively" pos="ADV">progressively </w><w c5="VVN" hw="eliminate" pos="VERB">eliminated </w><w c5="PRP" hw="from" pos="PREP">from </w><w c5="AT0" hw="the" pos="ART">the </w><w c5="NN1" hw="gene" pos="SUBST">gene </w><w c5="NN1" hw="pool" pos="SUBST">pool </w><w c5="VBD" hw="be" pos="VERB">was </w><w c5="CJT" hw="that" pos="CONJ">that </w><w c5="PNP" hw="it" pos="PRON">it </w><w c5="VVD" hw="convey" pos="VERB">conveyed </w><w c5="DT0" hw="some" pos="ADJ">some </w><w c5="AJ0" hw="biological" pos="ADJ">biological </w><w c5="NN1" hw="advantage" pos="SUBST">advantage </w><mw c5="PRP"><w c5="DT0" hw="such" pos="ADJ">such </w><w c5="PRP" hw="as" pos="PREP">as </w></mw><w c5="NN1" hw="resistance" pos="SUBST">resistance </w><w c5="PRP" hw="to" pos="PREP">to </w><w c5="NN1" hw="infection" pos="SUBST">infection</w><c c5="PUN">.</c></s></p><p>
<s n="49"><c c5="PUQ">‘</c><w c5="DPS" hw="i" pos="PRON">My </w><w c5="NN1" hw="study" pos="SUBST">study </w><w c5="VVZ" hw="review" pos="VERB">reviews </w><w c5="AT0" hw="the" pos="ART">the </w><w c5="NN1" hw="evidence" pos="SUBST">evidence </w><w c5="CJT" hw="that" pos="CONJ">that </w><w c5="AT0" hw="a" pos="ART">a </w><w c5="AJ0" hw="genetically-determined" pos="ADJ">genetically-determined </w><w c5="AJ0" hw="maternal" pos="ADJ">maternal </w><w c5="NN1" hw="response" pos="SUBST">response </w><w c5="PRP" hw="to" pos="PREP">to </w><w c5="NN1" hw="influenza" pos="SUBST">influenza </w><w c5="NN2-VVZ" hw="result" pos="SUBST">results </w><w c5="PRP" hw="in" pos="PREP">in </w><w c5="NN1" hw="production" pos="SUBST">production </w><w c5="PRF" hw="of" pos="PREP">of </w><w c5="AT0" hw="an" pos="ART">an </w><w c5="NN1" hw="antibody" pos="SUBST">antibody </w><w c5="DTQ" hw="which" pos="PRON">which </w><w c5="VVZ" hw="cross" pos="VERB">crosses </w><w c5="AT0" hw="the" pos="ART">the </w><w c5="AJ0" hw="fetal" pos="ADJ">fetal </w><w c5="AJ0-NN1" hw="blood-brain" pos="ADJ">blood-brain </w><w c5="NN1" hw="barrier" pos="SUBST">barrier </w><w c5="CJC" hw="and" pos="CONJ">and</w><c c5="PUN">, </c><w c5="PRP" hw="by" pos="PREP">by </w><w c5="VVG" hw="act" pos="VERB">acting </w><w c5="PRP" hw="as" pos="PREP">as </w><w c5="AT0" hw="a" pos="ART">a </w><w c5="AJ0" hw="fetal" pos="ADJ">fetal </w><w c5="NN1" hw="auto-antibody" pos="SUBST">auto-antibody</w><c c5="PUN">, </c><w c5="VVZ" hw="induce" pos="VERB">induces </w><w c5="AJ0" hw="neurodevelopmental" pos="ADJ">neurodevelopmental </w><w c5="NN1" hw="damage" pos="SUBST">damage</w><c c5="PUN">,</c><c c5="PUQ">’ </c><w c5="VVD" hw="add" pos="VERB">added </w><w c5="AT0" hw="the" pos="ART">the </w><w c5="NN1" hw="professor" pos="SUBST">Professor</w><c c5="PUN">.</c></s></p></div><div level="1"><head>
<s n="50"><w c5="AJ0" hw="siamese" pos="ADJ">Siamese </w><w c5="NN2" hw="twin" pos="SUBST">twins </w><c c5="PUQ">‘</c><w c5="VDG" hw="do" pos="VERB">doing </w><w c5="AV0" hw="well" pos="ADV">well</w><c c5="PUQ">’</c></s></head><p>
<s n="51"><w c5="NN2" hw="doctor" pos="SUBST">DOCTORS </w><w c5="VBD" hw="be" pos="VERB">were </w><w c5="AV0" hw="today" pos="ADV">today </w><w c5="AV0" hw="carefully" pos="ADV">carefully </w><w c5="VVG" hw="monitor" pos="VERB">monitoring </w><w c5="AT0" hw="the" pos="ART">the </w><w c5="NN1" hw="progress" pos="SUBST">progress </w><w c5="PRF" hw="of" pos="PREP">of </w><w c5="AJ0" hw="siamese" pos="ADJ">Siamese </w><w c5="NN1" hw="twin" pos="SUBST">twin </w><w c5="NN2" hw="boy" pos="SUBST">boys </w><w c5="PNQ" hw="who" pos="PRON">who </w><w c5="VHB" hw="have" pos="VERB">have </w><w c5="VBN" hw="be" pos="VERB">been </w><w c5="AV0" hw="successfully" pos="ADV">successfully </w><w c5="VVN" hw="separate" pos="VERB">separated </w><w c5="PRP" hw="after" pos="PREP">after </w><w c5="AT0" hw="a" pos="ART">a </w><w c5="AJ0" hw="16-hour" pos="ADJ">16-hour </w><w c5="NN1" hw="operation" pos="SUBST">operation</w><c c5="PUN">.</c></s></p><p>
<s n="52"><w c5="AT0" hw="the" pos="ART">The </w><w c5="AJ0" hw="10-month-old" pos="ADJ">10-month-old </w><w c5="NN2" hw="italian" pos="SUBST">Italians </w><w c5="VBD" hw="be" pos="VERB">were </w><w c5="VVN" hw="say" pos="VERB">said </w><w c5="TO0" hw="to" pos="PREP">to </w><w c5="VBI" hw="be" pos="VERB">be </w><c c5="PUQ">‘</c><w c5="AJ0" hw="stable" pos="ADJ">stable </w><w c5="CJC" hw="and" pos="CONJ">and </w><w c5="VDG" hw="do" pos="VERB">doing </w><w c5="AV0" hw="as" pos="ADV">as </w><w c5="AV0" hw="well" pos="ADV">well </w><w c5="CJS" hw="as" pos="CONJ">as </w><w c5="VM0" hw="can" pos="VERB">can </w><w c5="VBI" hw="be" pos="VERB">be </w><w c5="VVN" hw="expect" pos="VERB">expected</w><c c5="PUQ">’ </c><w c5="PRP" hw="at" pos="PREP">at </w><w c5="NP0" hw="london" pos="SUBST">London</w><w c5="POS" hw="'s" pos="UNC">'s </w><w c5="NP0" hw="great" pos="SUBST">Great </w><w c5="NP0" hw="ormond" pos="SUBST">Ormond </w><w c5="NP0" hw="street" pos="SUBST">Street </w><w c5="NN2" hw="child" pos="SUBST">children</w><w c5="POS" hw="'s" pos="UNC">'s </w><w c5="NN1" hw="hospital" pos="SUBST">hospital</w><c c5="PUN">.</c></s>
<s n="53"><w c5="NN2" hw="doctor" pos="SUBST">Doctors </w><w c5="VVD" hw="say" pos="VERB">said </w><w c5="AT0" hw="the" pos="ART">the </w><w c5="NN2" hw="boy" pos="SUBST">boys </w><w c5="VHD" hw="have" pos="VERB">had </w><w c5="AT0" hw="an" pos="ART">an </w><w c5="AJ0" hw="equal" pos="ADJ">equal </w><w c5="NN1" hw="chance" pos="SUBST">chance </w><w c5="PRF" hw="of" pos="PREP">of </w><w c5="NN1" hw="survival" pos="SUBST">survival</w><c c5="PUN">.</c></s>
<s n="54"><w c5="NN1-NP0" hw="beniaminio" pos="SUBST">Beniaminio </w><w c5="CJC" hw="and" pos="CONJ">and </w><w c5="NP0" hw="mario" pos="SUBST">Mario </w><w c5="NP0" hw="di" pos="SUBST">Di </w><w c5="NP0" hw="conza" pos="SUBST">Conza </w><w c5="VHB" hw="have" pos="VERB">have </w><w c5="VBN" hw="be" pos="VERB">been </w><w c5="PRP" hw="in" pos="PREP">in </w><w c5="AT0" hw="the" pos="ART">the </w><w c5="NN1" hw="hospital" pos="SUBST">hospital </w><w c5="PRP-CJS" hw="since" pos="PREP">since </w><w c5="NP0" hw="june" pos="SUBST">June</w><c c5="PUN">, </c><w c5="VVG" hw="undergo" pos="VERB">undergoing </w><w c5="NN2" hw="investigation" pos="SUBST">investigations </w><w c5="TO0" hw="to" pos="PREP">to </w><w c5="VVI" hw="find" pos="VERB">find </w><w c5="AVP" hw="out" pos="ADV">out </w><w c5="AT0" hw="the" pos="ART">the </w><w c5="NN1" hw="extent" pos="SUBST">extent </w><w c5="PRF" hw="of" pos="PREP">of </w><w c5="NN1" hw="organ" pos="SUBST">organ </w><w c5="VVG-NN1" hw="share" pos="VERB">sharing</w><c c5="PUN">, </c><w c5="PRP" hw="before" pos="PREP">before </w><w c5="AT0" hw="the" pos="ART">the </w><w c5="NN1" hw="operation" pos="SUBST">operation </w><w c5="DTQ" hw="which" pos="PRON">which </w><w c5="VBD" hw="be" pos="VERB">was </w><w c5="VVN" hw="complete" pos="VERB">completed </w><w c5="AV0" hw="yesterday" pos="ADV">yesterday</w><c c5="PUN">.</c></s></p><p>
<s n="55"><w c5="PNP" hw="they" pos="PRON">They </w><w c5="VBD" hw="be" pos="VERB">were </w><w c5="VVN" hw="join" pos="VERB">joined </w><w c5="PRP" hw="from" pos="PREP">from </w><w c5="AT0" hw="the" pos="ART">the </w><w c5="AJ0" hw="upper" pos="ADJ">upper </w><w c5="NN1" hw="chest" pos="SUBST">chest </w><w c5="PRP" hw="to" pos="PREP">to </w><w c5="AT0" hw="the" pos="ART">the </w><w c5="NN1" hw="pelvis" pos="SUBST">pelvis </w><w c5="CJC" hw="and" pos="CONJ">and </w><w c5="VHD" hw="have" pos="VERB">had </w><w c5="CRD" hw="two" pos="ADJ">two </w><w c5="NN2" hw="arm" pos="SUBST">arms </w><w c5="CJC" hw="and" pos="CONJ">and </w><w c5="CRD" hw="one" pos="ADJ">one </w><w c5="NN1" hw="leg" pos="SUBST">leg </w><w c5="DT0" hw="each" pos="ADJ">each</w><c c5="PUN">.</c></s>
<s n="56"><w c5="PNP" hw="they" pos="PRON">They </w><w c5="VHD" hw="have" pos="VERB">had </w><w c5="CRD" hw="two" pos="ADJ">two </w><w c5="NN2" hw="heart" pos="SUBST">hearts </w><w c5="CJC" hw="but" pos="CONJ">but </w><w c5="VVD" hw="share" pos="VERB">shared </w><w c5="AT0" hw="a" pos="ART">a </w><w c5="AJ0" hw="fused" pos="ADJ">fused </w><w c5="NN1" hw="liver" pos="SUBST">liver </w><w c5="CJC" hw="and" pos="CONJ">and </w><w c5="AJC" hw="low" pos="ADJ">lower </w><w c5="NN1" hw="bowel" pos="SUBST">bowel</w><c c5="PUN">.</c></s></p></div><div level="1"><head>
<s n="57"><w c5="NN1" hw="pedigree" pos="SUBST">Pedigree </w><w c5="NN1-NP0" hw="charolais" pos="SUBST">Charolais </w><w c5="NN1-VVB" hw="heifer" pos="SUBST">heifer </w><w c5="NN2-VVZ" hw="help" pos="SUBST">helps </w><w c5="VVI" hw="boost" pos="VERB">boost </w><w c5="AJ0" hw="african" pos="ADJ">African </w><w c5="NN1" hw="project" pos="SUBST">project</w></s></head><p>
<s n="58"><w c5="AT0" hw="a" pos="ART">A </w><w c5="NN1" hw="pedigree" pos="SUBST">PEDIGREE </w><w c5="NN1-NP0" hw="charolais" pos="SUBST">Charolais </w><w c5="NN1" hw="heifer" pos="SUBST">heifer </w><w c5="VHZ" hw="have" pos="VERB">has </w><w c5="VBN" hw="be" pos="VERB">been </w><w c5="VVN" hw="donate" pos="VERB">donated </w><w c5="PRP" hw="by" pos="PREP">by </w><w c5="NP0" hw="harry" pos="SUBST">Harry </w><w c5="CJC" hw="and" pos="CONJ">and </w><w c5="NP0" hw="jean" pos="SUBST">Jean </w><w c5="NN1-NP0" hw="marguess" pos="SUBST">Marguess </w><w c5="PRF" hw="of" pos="PREP">of </w><w c5="NP0-NN1" hw="muckamore" pos="SUBST">Muckamore </w><w c5="PRP" hw="for" pos="PREP">for </w><w c5="AT0" hw="the" pos="ART">the </w><c c5="PUQ">‘</c><w c5="NN1" hw="farm" pos="SUBST">Farm </w><w c5="PRP" hw="for" pos="PREP">for </w><w c5="NP0" hw="africa" pos="SUBST">Africa</w><c c5="PUQ">’ </c><w c5="NN1" hw="project" pos="SUBST">project</w><c c5="PUN">, </c><w c5="NN1" hw="part" pos="SUBST">part </w><w c5="PRF" hw="of" pos="PREP">of </w><w c5="AT0" hw="an" pos="ART">an </w><w c5="AJ0" hw="overall" pos="ADJ">overall </w><w c5="NN1" hw="drive" pos="SUBST">drive </w><w c5="VVN" hw="spearhead" pos="VERB">spearheaded </w><w c5="PRP" hw="by" pos="PREP">by </w><w c5="NP0" hw="magheralin" pos="SUBST">Magheralin </w><w c5="NN1" hw="parish" pos="SUBST">Parish </w><w c5="NN1" hw="church" pos="SUBST">Church </w><w c5="TO0" hw="to" pos="PREP">to </w><w c5="VVI" hw="buy" pos="VERB">buy </w><w c5="AT0" hw="a" pos="ART">a </w><w c5="NN1" hw="100-acre" pos="SUBST">100-acre </w><w c5="NN1" hw="farm" pos="SUBST">farm </w><w c5="PRP" hw="in" pos="PREP">in </w><w c5="NP0" hw="uganda" pos="SUBST">Uganda </w><w c5="CJC" hw="and" pos="CONJ">and </w><w c5="NN1-VVB" hw="stock" pos="SUBST">stock </w><w c5="CJC" hw="and" pos="CONJ">and </w><w c5="VVB" hw="equip" pos="VERB">equip </w><w c5="PNP" hw="it" pos="PRON">it</w><c c5="PUN">.</c></s></p><p>
<s n="59"><w c5="DT0" hw="many" pos="ADJ">Many </w><w c5="NN2" hw="organisation" pos="SUBST">organisations </w><w c5="CJC" hw="and" pos="CONJ">and </w><w c5="NN2" hw="business" pos="SUBST">businesses </w><w c5="VHB" hw="have" pos="VERB">have </w><w c5="VVN" hw="join" pos="VERB">joined </w><w c5="AT0" hw="the" pos="ART">the </w><w c5="NN1" hw="project" pos="SUBST">project </w><w c5="CJC" hw="and" pos="CONJ">and </w><w c5="AV0" hw="already" pos="ADV">already </w><w c5="VVB" hw="automart" pos="VERB">Automart </w><w c5="NN0" hw="livestock" pos="SUBST">Livestock </w><w c5="VHB" hw="have" pos="VERB">have </w><w c5="VVN" hw="organise" pos="VERB">organised </w><w c5="AT0" hw="a" pos="ART">a </w><c c5="PUQ">‘</c><w c5="NN1" hw="farm" pos="SUBST">Farm </w><w c5="PRP" hw="for" pos="PREP">for </w><w c5="NP0" hw="africa" pos="SUBST">Africa</w><c c5="PUQ">’ </c><w c5="NN1" hw="sale" pos="SUBST">sale </w><w c5="PRF" hw="of" pos="PREP">of </w><w c5="NN1" hw="dairy" pos="SUBST">dairy </w><w c5="NN1" hw="stock" pos="SUBST">stock</w><c c5="PUN">.</c></s>
<s n="60"><w c5="NP0" hw="harry" pos="SUBST">Harry </w><w c5="NP0" hw="marguess" pos="SUBST">Marguess </w><w c5="VVZ" hw="say" pos="VERB">says</w><c c5="PUN">: </c><c c5="PUQ">‘</c><w c5="DPS" hw="we" pos="PRON">Our </w><w c5="DT0" hw="own" pos="ADJ">own </w><w c5="NN1" hw="sale" pos="SUBST">sale </w><w c5="VBD" hw="be" pos="VERB">was </w><w c5="VBG" hw="be" pos="VERB">being </w><w c5="VVN" hw="hold" pos="VERB">held </w><w c5="PRP" hw="at" pos="PREP">at </w><w c5="NP0-NN1" hw="automart" pos="SUBST">Automart </w><w c5="CJC" hw="and" pos="CONJ">and </w><w c5="CJS" hw="when" pos="CONJ">when </w><w c5="PNP" hw="we" pos="PRON">we </w><w c5="VVD" hw="hear" pos="VERB">heard </w><w c5="AT0" hw="the" pos="ART">the </w><c c5="PUQ">‘</c><w c5="NN1" hw="farm" pos="SUBST">Farm </w><w c5="PRP" hw="for" pos="PREP">for </w><w c5="NP0" hw="africa" pos="SUBST">Africa</w><c c5="PUQ">’ </c><w c5="NN1" hw="event" pos="SUBST">event </w><w c5="VBD" hw="be" pos="VERB">was </w><w c5="AT0" hw="the" pos="ART">the </w><w c5="AJ0" hw="following" pos="ADJ">following </w><w c5="NN1" hw="day" pos="SUBST">day </w><w c5="PNP" hw="we" pos="PRON">we </w><w c5="VVD" hw="decide" pos="VERB">decided </w><w c5="TO0" hw="to" pos="PREP">to </w><w c5="VVI" hw="donate" pos="VERB">donate </w><w c5="AT0" hw="a" pos="ART">a </w><w c5="NN1" hw="heifer" pos="SUBST">heifer </w><w c5="PRP" hw="to" pos="PREP">to </w><w c5="DT0" hw="this" pos="ADJ">this </w><w c5="AV0" hw="very" pos="ADV">very </w><w c5="AJ0" hw="worthy" pos="ADJ">worthy </w><w c5="NN1" hw="cause" pos="SUBST">cause</w><c c5="PUN">.</c><c c5="PUQ">’</c></s></p><p>
<s n="61"><w c5="AT0" hw="the" pos="ART">The </w><w c5="NN1" hw="marquess" pos="SUBST">Marquess </w><w c5="NN1" hw="production" pos="SUBST">production </w><w c5="NN1" hw="sale" pos="SUBST">sale </w><w c5="VM0" hw="will" pos="VERB">will </w><w c5="VVI" hw="offer" pos="VERB">offer </w><w c5="CRD" hw="80" pos="ADJ">80 </w><w c5="NN1" hw="head" pos="SUBST">head </w><w c5="PRF" hw="of" pos="PREP">of </w><w c5="NN1" hw="quality" pos="SUBST">quality </w><w c5="NN1" hw="charolais" pos="SUBST">Charolais </w><w c5="DTQ" hw="which" pos="PRON">which </w><w c5="VM0" hw="will" pos="VERB">will </w><w c5="VVI" hw="include" pos="VERB">include </w><w c5="AJ0" hw="young" pos="ADJ">young </w><w c5="NN2" hw="bull" pos="SUBST">bulls</w><c c5="PUN">, </c><w c5="NN2" hw="cow" pos="SUBST">cows </w><w c5="PRP" hw="with" pos="PREP">with </w><w c5="NN2" hw="calf" pos="SUBST">calves </w><w c5="CJC" hw="and" pos="CONJ">and </w><w c5="NN2-VVZ" hw="heifer" pos="SUBST">heifers</w><c c5="PUN">.</c></s>
<s n="62"><w c5="CRD" hw="two" pos="ADJ">Two </w><w c5="AJ0" hw="other" pos="ADJ">other </w><w c5="AJ0" hw="leading" pos="ADJ">leading </w><w c5="NN2" hw="breeder" pos="SUBST">breeders</w><c c5="PUN">, </c><w c5="NP0" hw="andy" pos="SUBST">Andy </w><w c5="NP0" hw="adair" pos="SUBST">Adair</w><c c5="PUN">, </c><w c5="NP0" hw="antrim" pos="SUBST">Antrim </w><w c5="CJC" hw="and" pos="CONJ">and </w><w c5="NP0" hw="pat" pos="SUBST">Pat </w><w c5="NP0" hw="mcallister" pos="SUBST">McAllister </w><w c5="CJC" hw="&amp;" pos="CONJ">&amp; </w><w c5="NN2" hw="son" pos="SUBST">sons</w><c c5="PUN">, </c><w c5="NP0" hw="glenarm" pos="SUBST">Glenarm </w><w c5="VHB" hw="have" pos="VERB">have </w><w c5="AV0" hw="also" pos="ADV">also </w><w c5="VBN" hw="be" pos="VERB">been </w><w c5="VVN" hw="invite" pos="VERB">invited </w><w c5="TO0" hw="to" pos="PREP">to </w><w c5="VVI" hw="join" pos="VERB">join </w><w c5="AT0" hw="the" pos="ART">the </w><w c5="NN1" hw="sale" pos="SUBST">sale</w><c c5="PUN">.</c></s></p><p>
<s n="63"><w c5="PNP" hw="it" pos="PRON">It </w><w c5="VM0" hw="will" pos="VERB">will </w><w c5="VBI" hw="be" pos="VERB">be </w><w c5="PRP" hw="at" pos="PREP">at </w><w c5="NP0-NN1" hw="automart" pos="SUBST">Automart </w><w c5="PRP" hw="on" pos="PREP">on </w><w c5="NP0" hw="september" pos="SUBST">September </w><w c5="CRD" hw="29" pos="ADJ">29 </w><w c5="PRP" hw="at" pos="PREP">at </w><w c5="AV0" hw="7pm" pos="ADV">7pm </w><w c5="CJC" hw="and" pos="CONJ">and </w><w c5="VBZ" hw="be" pos="VERB">is </w><w c5="VBG" hw="be" pos="VERB">being </w><w c5="VVN" hw="run" pos="VERB">run </w><w c5="PRP" hw="under" pos="PREP">under </w><w c5="AT0" hw="the" pos="ART">the </w><w c5="NN2" hw="auspices" pos="SUBST">auspices </w><w c5="PRF" hw="of" pos="PREP">of </w><w c5="AT0" hw="the" pos="ART">the </w><w c5="AJ0" hw="british" pos="ADJ">British </w><w c5="NN1" hw="charolais" pos="SUBST">Charolais </w><w c5="NN2" hw="cattle" pos="SUBST">Cattle </w><w c5="NN1" hw="society" pos="SUBST">Society</w><c c5="PUN">.</c></s></p></div><div level="1"><head>
<s n="64"><w c5="NP0" hw="vauxhall" pos="SUBST">Vauxhall </w><w c5="AJ0-NN1" hw="cavalier" pos="ADJ">Cavalier </w><w c5="NN1" hw="turbo" pos="SUBST">Turbo </w><w c5="UNC" hw="4x4" pos="UNC">4x4 </w><c c5="PUN">— </c><w c5="AJ0" hw="practical" pos="ADJ">Practical </w><w c5="NN1" hw="caravan" pos="SUBST">Caravan</w><w c5="POS" hw="'s" pos="UNC">'s </w><w c5="NN1-AJ0" hw="top" pos="SUBST">Top </w><w c5="VVG-AJ0" hw="tow" pos="VERB">Towing </w><w c5="NN1" hw="car" pos="SUBST">Car</w><c c5="PUN">.</c></s>
<s n="65"><w c5="NN1" hw="victory" pos="SUBST">VICTORY </w><w c5="PRP" hw="for" pos="PREP">FOR </w><w c5="NP0" hw="vauxhall" pos="SUBST">VAUXHALL</w><c c5="PUN">…</c></s></head><p>
<s n="66"><w c5="NP0" hw="vauxhall" pos="SUBST">VAUXHALL </w><w c5="VHZ" hw="have" pos="VERB">has </w><w c5="VVN" hw="win" pos="VERB">won </w><w c5="AT0" hw="a" pos="ART">a </w><w c5="AJ0" hw="top" pos="ADJ">top </w><w c5="NN1" hw="towcar" pos="SUBST">towcar </w><w c5="NN1" hw="award" pos="SUBST">award </w><w c5="PRP" hw="for" pos="PREP">for </w><w c5="AT0" hw="the" pos="ART">the </w><w c5="ORD" hw="third" pos="ADJ">third </w><w c5="NN1" hw="year" pos="SUBST">year </w><w c5="NN1-VVG" hw="running" pos="SUBST">running</w><c c5="PUN">, </c><w c5="VVG" hw="scoop" pos="VERB">scooping </w><w c5="CRD" hw="five" pos="ADJ">five </w><w c5="PRF" hw="of" pos="PREP">of </w><w c5="AT0" hw="the" pos="ART">the </w><w c5="CRD" hw="seven" pos="ADJ">seven </w><w c5="NN2" hw="trophy" pos="SUBST">trophies </w><w c5="PRP" hw="in" pos="PREP">in </w><w c5="AT0" hw="the" pos="ART">the </w><w c5="NN1" hw="process" pos="SUBST">process</w><c c5="PUN">.</c></s></p><p>
<s n="67"><w c5="NN2" hw="reader" pos="SUBST">Readers </w><w c5="PRF" hw="of" pos="PREP">of </w><c c5="PUQ">‘</c><w c5="AJ0" hw="practical" pos="ADJ">Practical </w><w c5="NN1" hw="caravan" pos="SUBST">Caravan</w><c c5="PUQ">’ </c><w c5="NN1" hw="magazine" pos="SUBST">magazine </w><w c5="XX0" hw="not" pos="ADV">not </w><w c5="AV0" hw="only" pos="ADV">only </w><w c5="VVD-VVN" hw="vote" pos="VERB">voted </w><w c5="AT0" hw="the" pos="ART">the </w><w c5="AJ0-NN1" hw="cavalier" pos="ADJ">Cavalier </w><w c5="NN1" hw="turbo" pos="SUBST">Turbo </w><w c5="UNC" hw="2.0i" pos="UNC">2.0i </w><w c5="UNC" hw="4x4" pos="UNC">4x4 </w><w c5="DPS" hw="they" pos="PRON">their </w><w c5="NN1-AJ0" hw="top" pos="SUBST">Top </w><w c5="VVG-AJ0" hw="tow" pos="VERB">Towing </w><w c5="NN1" hw="car" pos="SUBST">Car</w><c c5="PUN">, </c><w c5="CJC" hw="but" pos="CONJ">but </w><w c5="AV0" hw="also" pos="ADV">also </w><w c5="AV0" hw="best" pos="ADV">Best </w><w c5="AJ0" hw="large" pos="ADJ">Large </w><w c5="NN1" hw="family" pos="SUBST">Family </w><w c5="NN1" hw="car" pos="SUBST">Car</w><c c5="PUN">.</c></s></p><p>
<s n="68"><w c5="AT0" hw="the" pos="ART">The </w><w c5="NN1" hw="cavalier" pos="SUBST">Cavalier</w><w c5="POS" hw="'s" pos="UNC">'s </w><w c5="NN1" hw="victory" pos="SUBST">victory </w><w c5="VVZ" hw="follow" pos="VERB">follows </w><w c5="AJ0" hw="similar" pos="ADJ">similar </w><w c5="NN1-AJ0" hw="overall" pos="SUBST">overall </w><w c5="VVZ-NN2" hw="win" pos="VERB">wins </w><w c5="PRP" hw="by" pos="PREP">by </w><w c5="AT0" hw="the" pos="ART">the </w><w c5="NN1" hw="senator" pos="SUBST">Senator </w><w c5="NN1" hw="cd" pos="SUBST">CD </w><w c5="UNC" hw="3.0i" pos="UNC">3.0i </w><w c5="CJC" hw="and" pos="CONJ">and </w><w c5="NN1-AJ0" hw="cavalier" pos="SUBST">Cavalier </w><w c5="UNC" hw="2.0i" pos="UNC">2.0i </w><w c5="UNC" hw="4x4" pos="UNC">4x4 </w><w c5="PRP" hw="in" pos="PREP">in </w><w c5="CRD" hw="1992" pos="ADJ">1992 </w><w c5="CJC" hw="and" pos="CONJ">and </w><w c5="CRD" hw="1991" pos="ADJ">1991</w><c c5="PUN">.</c></s>
<s n="69"><w c5="PNP" hw="they" pos="PRON">THEY </w><w c5="VM0" hw="used" pos="VERB">used </w><w c5="TO0" hw="to" pos="PREP">to </w><w c5="VBI" hw="be" pos="VERB">be </w><w c5="VVN" hw="consider" pos="VERB">considered </w><w c5="AJ0-AV0" hw="dirty" pos="ADJ">dirty</w><c c5="PUN">, </c><w c5="AJ0-AV0" hw="slow" pos="ADJ">slow</w><c c5="PUN">, </c><w c5="AJ0" hw="noisy" pos="ADJ">noisy </w><w c5="CJC" hw="and" pos="CONJ">and </w><w c5="AJ0" hw="uncomfortable" pos="ADJ">uncomfortable</w><c c5="PUN">.</c></s></p><p>
<s n="70"><w c5="CJC" hw="but" pos="CONJ">But </w><w c5="DT0" hw="these" pos="ADJ">these </w><w c5="NN2" hw="day" pos="SUBST">days </w><w c5="AJ0" hw="new" pos="ADJ">new </w><w c5="NN1" hw="technology" pos="SUBST">technology </w><w c5="VHZ" hw="have" pos="VERB">has </w><w c5="VVN" hw="transform" pos="VERB">transformed </w><w c5="AJ0" hw="oil-burning" pos="ADJ">oil-burning </w><w c5="NN2" hw="car" pos="SUBST">cars </w><w c5="PRP" hw="into" pos="PREP">into </w><w c5="CRD" hw="one" pos="ADJ">one </w><w c5="PRF" hw="of" pos="PREP">of </w><w c5="AT0" hw="the" pos="ART">the </w><w c5="AV0" hw="most" pos="ADV">most </w><w c5="AJ0" hw="civilised" pos="ADJ">civilised </w><w c5="NN2" hw="form" pos="SUBST">forms </w><w c5="PRF" hw="of" pos="PREP">of </w><w c5="AJ0" hw="personal" pos="ADJ">personal </w><w c5="NN1" hw="transport" pos="SUBST">transport</w><c c5="PUN">.</c></s></p><p>
<s n="71"><w c5="CJC" hw="and" pos="CONJ">And </w><w c5="AT0" hw="the" pos="ART">the </w><w c5="NN1" hw="result" pos="SUBST">result </w><w c5="VBZ" hw="be" pos="VERB">is </w><w c5="CJT" hw="that" pos="CONJ">that </w><w c5="DT0" hw="more" pos="ADJ">more </w><w c5="NN2" hw="motorist" pos="SUBST">motorists </w><w c5="CJS" hw="than" pos="CONJ">than </w><w c5="AV0" hw="ever" pos="ADV">ever </w><w c5="VBB" hw="be" pos="VERB">are </w><w c5="VVG" hw="opt" pos="VERB">opting </w><w c5="PRP" hw="for" pos="PREP">for </w><w c5="NN1" hw="life" pos="SUBST">life </w><w c5="PRP" hw="behind" pos="PREP">behind </w><w c5="AT0" hw="the" pos="ART">the </w><w c5="NN1" hw="wheel" pos="SUBST">wheel </w><w c5="PRF" hw="of" pos="PREP">of </w><w c5="AT0" hw="a" pos="ART">a </w><w c5="NN1" hw="diesel" pos="SUBST">diesel </w><w c5="NN1" hw="vehicle" pos="SUBST">vehicle</w><c c5="PUN">.</c></s></p><p>
<s n="72"><w c5="DT0" hw="that" pos="ADJ">That </w><w c5="NN1" hw="trend" pos="SUBST">trend </w><w c5="VBZ" hw="be" pos="VERB">is </w><w c5="VVN" hw="demonstrate" pos="VERB">demonstrated </w><w c5="PRP" hw="in" pos="PREP">in </w><w c5="AT0" hw="a" pos="ART">a </w><w c5="NN0" hw="sales" pos="SUBST">sales </w><w c5="NN1" hw="bonanza" pos="SUBST">bonanza </w><w c5="DTQ" hw="which" pos="PRON">which </w><w c5="VVD" hw="see" pos="VERB">saw </w><w c5="CRD" hw="142,000" pos="ADJ">142,000 </w><w c5="NN0" hw="people" pos="SUBST">people </w><w c5="PRP" hw="in" pos="PREP">in </w><w c5="AT0" hw="the" pos="ART">the </w><w c5="NP0" hw="uk" pos="SUBST">UK </w><w c5="VVG" hw="opt" pos="VERB">opting </w><w c5="PRP" hw="for" pos="PREP">for </w><w c5="AT0" hw="a" pos="ART">a </w><w c5="NN1" hw="diesel" pos="SUBST">diesel </w><w c5="NN1" hw="car" pos="SUBST">car </w><w c5="PRP" hw="in" pos="PREP">in </w><w c5="AT0" hw="the" pos="ART">the </w><w c5="ORD" hw="first" pos="ADJ">first </w><w c5="NN1" hw="half" pos="SUBST">half </w><w c5="PRF" hw="of" pos="PREP">of </w><w c5="DT0" hw="this" pos="ADJ">this </w><w c5="NN1" hw="year" pos="SUBST">year</w><c c5="PUN">.</c></s></p><p>
<s n="73"><w c5="DT0" hw="that" pos="ADJ">That </w><w c5="NN1" hw="figure" pos="SUBST">figure </w><w c5="VBZ" hw="be" pos="VERB">is </w><w c5="AJ0" hw="remarkable" pos="ADJ">remarkable </w><w c5="CJS" hw="when" pos="CONJ">when </w><w c5="VVN" hw="compare" pos="VERB">compared </w><w c5="PRP" hw="to" pos="PREP">to </w><w c5="AV0" hw="just" pos="ADV">just </w><w c5="CRD" hw="87,000" pos="ADJ">87,000 </w><w c5="PRP" hw="during" pos="PREP">during </w><w c5="AT0" hw="the" pos="ART">the </w><w c5="ORD" hw="first" pos="ADJ">first </w><w c5="CRD" hw="six" pos="ADJ">six </w><w c5="NN2" hw="month" pos="SUBST">months </w><w c5="PRF" hw="of" pos="PREP">of </w><w c5="ORD" hw="last" pos="ADJ">last </w><w c5="NN1" hw="year" pos="SUBST">year</w><c c5="PUN">.</c></s></p><p>
<s n="74"><w c5="CJC" hw="and" pos="CONJ">And </w><w c5="AT0" hw="the" pos="ART">the </w><w c5="AJ0" hw="dramatic" pos="ADJ">dramatic </w><w c5="NN1" hw="rise" pos="SUBST">rise </w><w c5="PRP" hw="in" pos="PREP">in </w><w c5="NN1" hw="popularity" pos="SUBST">popularity </w><w c5="PRF" hw="of" pos="PREP">of </w><w c5="DT0" hw="some" pos="ADJ">some </w><w c5="NN2" hw="make" pos="SUBST">makes </w><w c5="VBZ" hw="be" pos="VERB">is </w><w c5="AJ0" hw="sensational" pos="ADJ">sensational </w><c c5="PUN">— </c><mw c5="PRP"><w c5="DT0" hw="such" pos="ADJ">such </w><w c5="PRP" hw="as" pos="PREP">as </w></mw><w c5="NP0" hw="nissan" pos="SUBST">Nissan</w><c c5="PUN">, </c><w c5="DTQ" hw="whose" pos="PRON">whose </w><w c5="NN0" hw="sales" pos="SUBST">sales </w><w c5="NN1-VVB" hw="increase" pos="SUBST">increase </w><w c5="VBZ" hw="be" pos="VERB">is </w><mw c5="AV0"><w c5="AV0" hw="more" pos="ADV">more </w><w c5="CJS" hw="than" pos="CONJ">than </w></mw><w c5="CRD" hw="3,000" pos="ADJ">3,000 </w><mw c5="NN0"><w c5="UNC" hw="per" pos="UNC">per </w><w c5="UNC" hw="cent" pos="UNC">cent</w></mw><c c5="PUN">.</c></s></p><p>
<s n="75"><w c5="AV0" hw="even" pos="ADV">Even </w><w c5="AT0" hw="the" pos="ART">the </w><w c5="AJ0" hw="already-established" pos="ADJ">already-established </w><w c5="AJ0" hw="big" pos="ADJ">big </w><w c5="NN2" hw="seller" pos="SUBST">sellers</w><c c5="PUN">, </c><w c5="PRP" hw="like" pos="PREP">like </w><w c5="NP0" hw="renault" pos="SUBST">Renault</w><c c5="PUN">, </c><w c5="VHB" hw="have" pos="VERB">have </w><w c5="VVN" hw="sell" pos="VERB">sold </w><w c5="CRD" hw="200" pos="ADJ">200 </w><mw c5="NN0"><w c5="UNC" hw="per" pos="UNC">per </w><w c5="UNC" hw="cent" pos="UNC">cent </w></mw><w c5="DT0" hw="more" pos="ADJ">more </w><w c5="NN1" hw="diesel" pos="SUBST">diesel </w><w c5="NN2" hw="model" pos="SUBST">models </w><w c5="AV0" hw="so" pos="ADV">so </w><w c5="AV0" hw="far" pos="ADV">far </w><w c5="DT0" hw="this" pos="ADJ">this </w><w c5="NN1" hw="year" pos="SUBST">year</w><c c5="PUN">.</c></s></p><p>
<s n="76"><w c5="CJC" hw="but" pos="CONJ">But </w><w c5="AV0" hw="even" pos="ADV">even </w><w c5="DT0" hw="these" pos="ADJ">these </w><w c5="NN2" hw="figure" pos="SUBST">figures</w><c c5="PUN">, </c><w c5="AJ0" hw="impressive" pos="ADJ">impressive </w><w c5="CJS" hw="as" pos="CONJ">as </w><w c5="PNP" hw="they" pos="PRON">they </w><w c5="VBB" hw="be" pos="VERB">are</w><c c5="PUN">, </c><w c5="VBB" hw="be" pos="VERB">are </w><w c5="AJ0" hw="likely" pos="ADJ">likely </w><w c5="TO0" hw="to" pos="PREP">to </w><w c5="VBI" hw="be" pos="VERB">be </w><w c5="AV0" hw="merely" pos="ADV">merely </w><w c5="AT0" hw="the" pos="ART">the </w><w c5="NN1" hw="tip" pos="SUBST">tip </w><w c5="PRF" hw="of" pos="PREP">of </w><w c5="AT0" hw="the" pos="ART">the </w><w c5="NN1" hw="iceberg" pos="SUBST">iceberg </w><w c5="PRP" hw="in" pos="PREP">in </w><w c5="NN1" hw="comparison" pos="SUBST">comparison </w><w c5="PRP" hw="to" pos="PREP">to </w><w c5="AT0" hw="the" pos="ART">the </w><w c5="AJ0" hw="huge" pos="ADJ">huge </w><w c5="NN2" hw="gain" pos="SUBST">gains </w><w c5="AV0" hw="yet" pos="ADV">yet </w><w c5="TO0" hw="to" pos="PREP">to </w><w c5="VBI" hw="be" pos="VERB">be </w><w c5="VVN" hw="make" pos="VERB">made</w><c c5="PUN">.</c></s></p><p>
<s n="77"><mw c5="AV0"><w c5="DT0" hw="all" pos="ADJ">All </w><w c5="PRF" hw="of" pos="PREP">of </w><w c5="AT0" hw="a" pos="ART">a </w><w c5="NN1" hw="sudden" pos="SUBST">sudden</w></mw><c c5="PUN">, </c><w c5="NN1" hw="diesel" pos="SUBST">diesel </w><w c5="NN1" hw="motoring" pos="SUBST">motoring </w><w c5="VHZ" hw="have" pos="VERB">has </w><w c5="VVN" hw="move" pos="VERB">moved </w><w c5="PRP" hw="into" pos="PREP">into </w><w c5="NN1" hw="overdrive" pos="SUBST">overdrive</w><c c5="PUN">, </c><w c5="VVG" hw="bring" pos="VERB">bringing </w><w c5="PNP" hw="we" pos="PRON">us </w><mw c5="PRP"><w c5="PRP" hw="into" pos="PREP">into </w><w c5="NN1" hw="line" pos="SUBST">line </w><w c5="PRP" hw="with" pos="PREP">with </w></mw><w c5="DT0" hw="most" pos="ADJ">most </w><w c5="PRF" hw="of" pos="PREP">of </w><w c5="DPS" hw="we" pos="PRON">our </w><w c5="NP0" hw="ec" pos="SUBST">EC </w><w c5="NN2-VVZ" hw="counterpart" pos="SUBST">counterparts</w><c c5="PUN">.</c></s></p><p>
<s n="78"><w c5="AT0" hw="the" pos="ART">The </w><w c5="NN2" hw="car" pos="SUBST">cars </w><w c5="PNX" hw="themselves" pos="PRON">themselves </w><w c5="VBB" hw="be" pos="VERB">are </w><w c5="VVG" hw="shake" pos="VERB">shaking </w><w c5="AVP" hw="off" pos="ADV">off </w><w c5="DPS" hw="they" pos="PRON">their </w><w c5="AJ0" hw="old" pos="ADJ">old </w><w c5="NN1" hw="image" pos="SUBST">image</w><c c5="PUN">, </c><w c5="AV0" hw="too" pos="ADV">too</w><c c5="PUN">.</c></s>
<s n="79"><w c5="PRP" hw="in" pos="PREP">In </w><w c5="DT0" hw="many" pos="ADJ">many </w><w c5="NN2" hw="case" pos="SUBST">cases </w><w c5="PNP" hw="they" pos="PRON">they </w><w c5="VBB" hw="be" pos="VERB">are </w><w c5="AV0" hw="now" pos="ADV">now </w><w c5="AV0" hw="actually" pos="ADV">actually </w><w c5="AV0" hw="quicker" pos="ADV">quicker </w><w c5="CJS" hw="than" pos="CONJ">than </w><w c5="DPS" hw="they" pos="PRON">their </w><w c5="AJ0" hw="petrol-engined" pos="ADJ">petrol-engined </w><w c5="NN2" hw="equivalent" pos="SUBST">equivalents</w><c c5="PUN">, </c><w c5="PRP" hw="despite" pos="PREP">despite </w><w c5="VVG" hw="offer" pos="VERB">offering </w><w c5="AJ0" hw="considerable" pos="ADJ">considerable </w><w c5="NN2" hw="gain" pos="SUBST">gains </w><w c5="PRP" hw="in" pos="PREP">in </w><w c5="NN1" hw="economy" pos="SUBST">economy</w><c c5="PUN">.</c></s></p><p>
<s n="80"><w c5="AT0" hw="the" pos="ART">The </w><w c5="NN2" hw="advantage" pos="SUBST">advantages </w><w c5="PRF" hw="of" pos="PREP">of </w><w c5="NN2" hw="diesel" pos="SUBST">diesels</w><c c5="PUN">, </c><mw c5="PRP"><w c5="PRP" hw="in" pos="PREP">in </w><w c5="NN1" hw="addition" pos="SUBST">addition </w><w c5="PRP" hw="to" pos="PREP">to </w></mw><w c5="AJC" hw="good" pos="ADJ">better </w><w c5="NN1" hw="fuel" pos="SUBST">fuel </w><w c5="NN1" hw="consumption" pos="SUBST">consumption</w><c c5="PUN">, </c><w c5="VBB" hw="be" pos="VERB">are </w><w c5="NN1" hw="reliability" pos="SUBST">reliability </w><c c5="PUL">(</c><w c5="CJS" hw="because" pos="CONJ">because </w><w c5="EX0" hw="there" pos="PRON">there </w><w c5="VBB" hw="be" pos="VERB">are </w><w c5="AT0" hw="no" pos="ART">no </w><w c5="NN1" hw="ignition" pos="SUBST">ignition </w><w c5="NN2" hw="component" pos="SUBST">components </w><w c5="TO0" hw="to" pos="PREP">to </w><w c5="VVI" hw="go" pos="VERB">go </w><w c5="AJ0" hw="wrong" pos="ADJ">wrong</w><c c5="PUR">)</c><c c5="PUN">, </c><w c5="NN1" hw="longevity" pos="SUBST">longevity </w><c c5="PUL">(</c><w c5="CJS" hw="because" pos="CONJ">because </w><w c5="AT0" hw="the" pos="ART">the </w><w c5="NN2" hw="engine" pos="SUBST">engines </w><w c5="VBB" hw="be" pos="VERB">are </w><w c5="AV0" hw="very" pos="ADV">very </w><w c5="AJ0" hw="low-revving" pos="ADJ">low-revving</w><c c5="PUR">)</c><c c5="PUN">, </c><w c5="CJC" hw="and" pos="CONJ">and </w><w c5="AJ0" hw="excellent" pos="ADJ">excellent </w><w c5="NN1" hw="trade-in" pos="SUBST">trade-in </w><w c5="NN2" hw="value" pos="SUBST">values </w><c c5="PUL">(</c><w c5="CJS" hw="because" pos="CONJ">because </w><w c5="PNP" hw="they" pos="PRON">they </w><w c5="VBB" hw="be" pos="VERB">are </w><w c5="AV0" hw="highly" pos="ADV">highly </w><w c5="AJ0" hw="desirable" pos="ADJ">desirable </w><w c5="PRP" hw="on" pos="PREP">on </w><w c5="AT0" hw="the" pos="ART">the </w><w c5="AJ0" hw="secondhand" pos="ADJ">secondhand </w><w c5="NN1" hw="market" pos="SUBST">market</w><c c5="PUR">)</c><c c5="PUN">.</c></s></p><p>
<s n="81"><w c5="DT0" hw="several" pos="ADJ">Several </w><w c5="NN2" hw="company" pos="SUBST">companies</w><c c5="PUN">, </c><mw c5="PRP"><w c5="DT0" hw="such" pos="ADJ">such </w><w c5="PRP" hw="as" pos="PREP">as </w></mw><w c5="NP0" hw="citroen" pos="SUBST">Citroen</w><c c5="PUN">, </c><w c5="VHB" hw="have" pos="VERB">have </w><w c5="VVN" hw="start" pos="VERB">started </w><w c5="TO0" hw="to" pos="PREP">to </w><w c5="VVI" hw="offer" pos="VERB">offer </w><w c5="NN1" hw="diesel" pos="SUBST">diesel </w><w c5="NN2" hw="model" pos="SUBST">models </w><w c5="PRP" hw="for" pos="PREP">for </w><w c5="AT0" hw="the" pos="ART">the </w><w c5="DT0" hw="same" pos="ADJ">same </w><w c5="NN1" hw="price" pos="SUBST">price </w><w c5="CJS" hw="as" pos="CONJ">as </w><w c5="AJ0" hw="petrol-powered" pos="ADJ">petrol-powered </w><w c5="NN2" hw="one" pos="SUBST">ones</w><c c5="PUN">.</c></s></p><p>
<s n="82"><mw c5="AV0"><w c5="PRP" hw="for" pos="PREP">For </w><w c5="NN1" hw="example" pos="SUBST">example</w></mw><c c5="PUN">, </c><w c5="AT0" hw="the" pos="ART">the </w><w c5="AJ0" hw="new" pos="ADJ">new </w><w c5="NP0" hw="citroen" pos="SUBST">Citroen </w><w c5="NP0" hw="xantia" pos="SUBST">Xantia </w><w c5="NN1" hw="diesel" pos="SUBST">diesel </w><w c5="VVZ" hw="cost" pos="VERB">costs </w><w c5="AV0" hw="exactly" pos="ADV">exactly </w><w c5="AT0" hw="the" pos="ART">the </w><w c5="DT0" hw="same" pos="ADJ">same </w><w c5="CJS" hw="as" pos="CONJ">as </w><w c5="AT0" hw="the" pos="ART">the </w><w c5="AJ0" hw="1.6-litre" pos="ADJ">1.6-litre </w><w c5="NN1" hw="petrol" pos="SUBST">petrol </w><w c5="NN1" hw="version" pos="SUBST">version</w><c c5="PUN">.</c></s></p><p>
<s n="83"><w c5="AT0" hw="the" pos="ART">The </w><w c5="NN1" hw="fact" pos="SUBST">fact </w><w c5="CJT" hw="that" pos="CONJ">that </w><w c5="AV0-AJ0" hw="even" pos="ADV">even </w><w c5="NN2" hw="company" pos="SUBST">companies </w><w c5="PRP" hw="with" pos="PREP">with </w><w c5="AJ0" hw="strong" pos="ADJ">strong </w><w c5="AJ0-NN1" hw="sporting" pos="ADJ">sporting </w><w c5="NN2" hw="image" pos="SUBST">images</w><c c5="PUN">, </c><mw c5="PRP"><w c5="DT0" hw="such" pos="ADJ">such </w><w c5="PRP" hw="as" pos="PREP">as </w></mw><w c5="NP0" hw="bmw" pos="SUBST">BMW</w><c c5="PUN">, </c><w c5="VHB" hw="have" pos="VERB">have </w><w c5="AV0" hw="now" pos="ADV">now </w><w c5="VVN" hw="decide" pos="VERB">decided </w><w c5="TO0" hw="to" pos="PREP">to </w><w c5="VVI" hw="enter" pos="VERB">enter </w><w c5="AT0" hw="the" pos="ART">the </w><w c5="NP0" hw="uk" pos="SUBST">UK</w><w c5="POS" hw="'s" pos="UNC">'s </w><w c5="AJ0-NN1" hw="fledgling" pos="ADJ">fledgling </w><w c5="NN1" hw="diesel" pos="SUBST">diesel </w><w c5="NN1" hw="market" pos="SUBST">market </w><w c5="VBZ" hw="be" pos="VERB">is </w><w c5="DT0" hw="another" pos="ADJ">another </w><w c5="NN1" hw="indication" pos="SUBST">indication </w><w c5="CJT" hw="that" pos="CONJ">that </w><w c5="PNP" hw="it" pos="PRON">it </w><w c5="VBZ" hw="be" pos="VERB">is </w><w c5="AV0" hw="only" pos="ADV">only </w><w c5="AT0" hw="a" pos="ART">a </w><w c5="NN1" hw="matter" pos="SUBST">matter </w><w c5="PRF" hw="of" pos="PREP">of </w><w c5="NN1" hw="time" pos="SUBST">time </w><w c5="CJS" hw="before" pos="CONJ">before </w><w c5="EX0" hw="there" pos="PRON">there </w><w c5="VBZ" hw="be" pos="VERB">is </w><w c5="AT0" hw="a" pos="ART">a </w><w c5="NN1" hw="diesel" pos="SUBST">diesel </w><w c5="NN1" hw="option" pos="SUBST">option </w><w c5="PRF" hw="of" pos="PREP">of </w><w c5="AT0" hw="every" pos="ART">every </w><w c5="NN1" hw="car" pos="SUBST">car </w><w c5="AV0" hw="currently" pos="ADV">currently </w><w c5="PRP" hw="on" pos="PREP">on </w><w c5="NN1" hw="sale" pos="SUBST">sale </w><w c5="PRP" hw="in" pos="PREP">in </w><w c5="NN1" hw="petrol" pos="SUBST">petrol </w><w c5="NN1" hw="guise" pos="SUBST">guise</w><c c5="PUN">.</c></s></p><p>
<s n="84"><mw c5="PRP"><w c5="PRP" hw="in" pos="PREP">In </w><w c5="NN1" hw="addition" pos="SUBST">addition </w><w c5="PRP" hw="to" pos="PREP">to </w></mw><w c5="AJC" hw="good" pos="ADJ">better </w><w c5="NN1" hw="economy" pos="SUBST">economy</w><c c5="PUN">, </c><w c5="NN1" hw="diesel" pos="SUBST">diesel </w><w c5="NN2" hw="car" pos="SUBST">cars </w><w c5="VVB" hw="use" pos="VERB">use </w><w c5="AJC" hw="cheap" pos="ADJ">cheaper </w><w c5="NN1" hw="fuel" pos="SUBST">fuel </w><w c5="CJC" hw="and" pos="CONJ">and </w><w c5="VBB" hw="be" pos="VERB">are </w><w c5="AT0" hw="no" pos="ART">no </w><w c5="AV0" hw="less" pos="ADV">less </w><w c5="AJ0" hw="environmentally-friendly" pos="ADJ">environmentally-friendly </w><w c5="CJS" hw="than" pos="CONJ">than </w><w c5="AJ0" hw="petrol-engined" pos="ADJ">petrol-engined </w><w c5="NN2" hw="model" pos="SUBST">models </w><w c5="VVN" hw="fit" pos="VERB">fitted </w><w c5="PRP" hw="with" pos="PREP">with </w><w c5="AJ0" hw="catalytic" pos="ADJ">catalytic </w><w c5="NN2" hw="converter" pos="SUBST">converters</w><c c5="PUN">.</c></s></p><p>
<s n="85"><w c5="AV0" hw="nowadays" pos="ADV">Nowadays </w><w c5="AV0" hw="as" pos="ADV">as </w><w c5="DT0" hw="many" pos="ADJ">many </w><w c5="CJS" hw="as" pos="CONJ">as </w><w c5="PNI" hw="one" pos="PRON">one </w><w c5="PRP" hw="in" pos="PREP">in </w><w c5="CRD" hw="five" pos="ADJ">five </w><w c5="NN2" hw="car" pos="SUBST">cars </w><w c5="PRP" hw="on" pos="PREP">on </w><w c5="NP0" hw="uk" pos="SUBST">UK </w><w c5="NN2" hw="road" pos="SUBST">roads </w><w c5="VBZ" hw="be" pos="VERB">is </w><w c5="AT0" hw="a" pos="ART">a </w><w c5="NN1" hw="diesel" pos="SUBST">diesel</w><c c5="PUN">.</c></s></p><p>
<s n="86"><w c5="DT0" hw="that" pos="ADJ">That </w><w c5="VVZ" hw="seem" pos="VERB">seems </w><w c5="AT0" hw="a" pos="ART">a </w><w c5="AJ0" hw="far" pos="ADJ">far </w><w c5="NN1" hw="cry" pos="SUBST">cry </w><w c5="PRP" hw="from" pos="PREP">from </w><w c5="AV0" hw="just" pos="ADV">just </w><w c5="AT0" hw="a" pos="ART">a </w><w c5="DT0" hw="few" pos="ADJ">few </w><w c5="NN2" hw="year" pos="SUBST">years </w><w c5="AV0" hw="ago" pos="ADV">ago </w><w c5="CJS-AVQ" hw="when" pos="CONJ">when </w><w c5="AT0" hw="the" pos="ART">the </w><w c5="AJ0" hw="only" pos="ADJ">only </w><w c5="NN2" hw="diesel" pos="SUBST">diesels </w><w c5="VBD" hw="be" pos="VERB">were </w><w c5="NN2" hw="lorry" pos="SUBST">lorries</w><c c5="PUN">, </c><w c5="NN2" hw="bus" pos="SUBST">buses </w><w c5="CJC" hw="and" pos="CONJ">and </w><w c5="AT0" hw="the" pos="ART">the </w><w c5="AJ0" hw="occasional" pos="ADJ">occasional </w><w c5="NN1" hw="taxi" pos="SUBST">taxi</w><c c5="PUN">.</c></s></p><p>
<s n="87"><w c5="AV0" hw="so" pos="ADV">So</w><c c5="PUN">, </c><w c5="TO0" hw="to" pos="PREP">to </w><w c5="VVI" hw="meet" pos="VERB">meet </w><w c5="AT0" hw="the" pos="ART">the </w><w c5="NN2" hw="demand" pos="SUBST">demands </w><w c5="PRF" hw="of" pos="PREP">of </w><w c5="AT0" hw="the" pos="ART">the </w><w c5="NN1" hw="diesel" pos="SUBST">diesel </w><w c5="NN1" hw="boom" pos="SUBST">boom</w><c c5="PUN">, </c><w c5="NN1" hw="oil" pos="SUBST">oil </w><w c5="NN2" hw="company" pos="SUBST">companies </w><w c5="VHB" hw="have" pos="VERB">have </w><w c5="VVN" hw="install" pos="VERB">installed </w><w c5="NN1" hw="diesel" pos="SUBST">diesel </w><w c5="NN2" hw="pump" pos="SUBST">pumps </w><w c5="PRP" hw="alongside" pos="PREP">alongside </w><w c5="DT0" hw="those" pos="ADJ">those </w><w c5="PRP" hw="for" pos="PREP">for </w><w c5="NN1" hw="petrol" pos="SUBST">petrol</w><c c5="PUN">.</c></s></p><p>
<s n="88"><w c5="PNP" hw="they" pos="PRON">They </w><w c5="VHB" hw="have" pos="VERB">have </w><w c5="AV0" hw="also" pos="ADV">also </w><w c5="VVN" hw="develop" pos="VERB">developed </w><w c5="NN2" hw="additive" pos="SUBST">additives </w><w c5="DTQ" hw="which" pos="PRON">which </w><w c5="VVB" hw="prevent" pos="VERB">prevent </w><w c5="AT0" hw="the" pos="ART">the </w><w c5="NN1" hw="fuel" pos="SUBST">fuel </w><w c5="PRP" hw="from" pos="PREP">from </w><w c5="VVG" hw="froth" pos="VERB">frothing </w><mw c5="CJS"><w c5="AV0" hw="so" pos="ADV">so </w><w c5="CJT" hw="that" pos="CONJ">that </w></mw><w c5="PNP" hw="it" pos="PRON">it </w><mw c5="AV0"><w c5="AV0" hw="no" pos="ADV">no </w><w c5="AV0" hw="longer" pos="ADV">longer </w></mw><w c5="VVZ" hw="spill" pos="VERB">spills </w><w c5="AVP-PRP" hw="over" pos="ADV">over </w><w c5="DPS" hw="you" pos="PRON">your </w><w c5="NN2" hw="shoe" pos="SUBST">shoes </w><w c5="AT0" hw="every" pos="ART">every </w><w c5="NN1" hw="time" pos="SUBST">time </w><w c5="PNP" hw="you" pos="PRON">you </w><w c5="NN1" hw="fill-up" pos="SUBST">fill-up</w><c c5="PUN">.</c></s></p><p>
<s n="89"><w c5="CJC" hw="and" pos="CONJ">And </w><w c5="PNP" hw="they" pos="PRON">they </w><w c5="VHB" hw="have" pos="VERB">have </w><w c5="VVN" hw="agree" pos="VERB">agreed </w><w c5="AT0" hw="a" pos="ART">a </w><w c5="AJ0" hw="uniform" pos="ADJ">uniform </w><w c5="AJ0" hw="black" pos="ADJ">black </w><w c5="NN1" hw="colour" pos="SUBST">colour </w><w c5="NN1" hw="scheme" pos="SUBST">scheme </w><w c5="PRP" hw="for" pos="PREP">for </w><w c5="DT0" hw="all" pos="ADJ">all </w><w c5="NN2" hw="garage" pos="SUBST">garages </w><w c5="TO0" hw="to" pos="PREP">to </w><w c5="VVI" hw="prevent" pos="VERB">prevent </w><w c5="NN2" hw="mix-up" pos="SUBST">mix-ups </w><w c5="PRP" hw="with" pos="PREP">with </w><w c5="NN1" hw="petrol" pos="SUBST">petrol</w><c c5="PUN">, </c><w c5="DTQ" hw="which" pos="PRON">which </w><w c5="VM0" hw="used" pos="VERB">used </w><w c5="TO0" hw="to" pos="PREP">to </w><w c5="VBI" hw="be" pos="VERB">be </w><w c5="AJ0" hw="common" pos="ADJ">common </w><w c5="PRP" hw="in" pos="PREP">in </w><w c5="AT0" hw="the" pos="ART">the </w><w c5="AJ0" hw="early" pos="ADJ">early </w><w c5="NN2" hw="day" pos="SUBST">days </w><w c5="PRF" hw="of" pos="PREP">of </w><w c5="AT0" hw="the" pos="ART">the </w><w c5="NN1" hw="diesel" pos="SUBST">diesel </w><w c5="NN1" hw="revolution" pos="SUBST">revolution</w><c c5="PUN">.</c></s></p><p>
<s n="90"><w c5="AT0" hw="the" pos="ART">The </w><w c5="AJ0" hw="best-selling" pos="ADJ">best-selling </w><w c5="AJ0" hw="small" pos="ADJ">small </w><w c5="NN1" hw="diesel" pos="SUBST">diesel </w><w c5="NN1" hw="model" pos="SUBST">model </w><w c5="VBZ" hw="be" pos="VERB">is </w><w c5="AV0" hw="currently" pos="ADV">currently </w><w c5="AT0" hw="the" pos="ART">the </w><w c5="NP0" hw="ford" pos="SUBST">Ford </w><w c5="NP0" hw="fiesta" pos="SUBST">Fiesta</w><c c5="PUN">, </c><w c5="VVN" hw="follow" pos="VERB">followed </w><w c5="PRP" hw="by" pos="PREP">by </w><w c5="AT0" hw="the" pos="ART">the </w><w c5="NP0" hw="peugeots" pos="SUBST">Peugeots </w><w c5="CRD" hw="205" pos="ADJ">205 </w><w c5="CJC" hw="and" pos="CONJ">and </w><w c5="CRD" hw="106" pos="ADJ">106</w><c c5="PUN">, </c><w c5="CJC" hw="and" pos="CONJ">and </w><w c5="AT0" hw="the" pos="ART">the </w><w c5="NP0" hw="renault" pos="SUBST">Renault </w><w c5="NP0" hw="clio" pos="SUBST">Clio</w><c c5="PUN">.</c></s></p><p>
<s n="91"><w c5="AT0" hw="the" pos="ART">The </w><w c5="AV0" hw="most" pos="ADV">most </w><w c5="AJ0" hw="popular" pos="ADJ">popular </w><w c5="AJ0" hw="small" pos="ADJ">small </w><w c5="NN1" hw="family" pos="SUBST">family </w><w c5="NN2" hw="model" pos="SUBST">models </w><w c5="VBB" hw="be" pos="VERB">are </w><w c5="AT0" hw="the" pos="ART">the </w><w c5="NP0" hw="vauxhall" pos="SUBST">Vauxhall </w><w c5="NP0" hw="astra" pos="SUBST">Astra</w><c c5="PUN">, </c><w c5="NP0" hw="citroen" pos="SUBST">Citroen </w><w c5="UNC" hw="zx" pos="UNC">ZX </w><w c5="CJC" hw="and" pos="CONJ">and </w><w c5="NP0" hw="ford" pos="SUBST">Ford </w><w c5="NN1-VVB" hw="escort" pos="SUBST">Escort</w><c c5="PUN">.</c></s></p><p>
<s n="92"><w c5="PRP" hw="in" pos="PREP">In </w><w c5="AT0" hw="the" pos="ART">the </w><w c5="AJ0-NN1" hw="upper-medium" pos="ADJ">upper-medium </w><w c5="NN1" hw="sector" pos="SUBST">sector </w><w c5="AT0" hw="the" pos="ART">the </w><w c5="AJ0" hw="big" pos="ADJ">big </w><w c5="NN2" hw="seller" pos="SUBST">sellers </w><w c5="VBB" hw="be" pos="VERB">are </w><w c5="AT0" hw="the" pos="ART">the </w><w c5="NP0" hw="peugeot" pos="SUBST">Peugeot </w><w c5="CRD" hw="405" pos="ADJ">405</w><c c5="PUN">, </c><w c5="NP0" hw="vauxhall" pos="SUBST">Vauxhall </w><w c5="NN1" hw="cavalier" pos="SUBST">Cavalier </w><w c5="CJC" hw="and" pos="CONJ">and </w><c c5="PUN">— </c><w c5="PRP" hw="during" pos="PREP">during </w><w c5="AT0" hw="the" pos="ART">the </w><w c5="ORD" hw="first" pos="ADJ">first </w><w c5="NN1" hw="half" pos="SUBST">half </w><w c5="PRF" hw="of" pos="PREP">of </w><w c5="DT0" hw="this" pos="ADJ">this </w><w c5="NN1" hw="year" pos="SUBST">year </w><c c5="PUN">— </c><w c5="AT0" hw="the" pos="ART">the </w><w c5="NP0" hw="citroen" pos="SUBST">Citroen </w><w c5="NP0" hw="bx" pos="SUBST">BX</w><c c5="PUN">.</c></s></p><p>
<s n="93"><w c5="AT0" hw="a" pos="ART">A </w><w c5="AJ0" hw="rapidly-increasing" pos="ADJ">rapidly-increasing </w><w c5="NN1" hw="number" pos="SUBST">number </w><w c5="PRF" hw="of" pos="PREP">of </w><w c5="NN1-AJ0" hw="executive" pos="SUBST">executive </w><w c5="NN2" hw="model" pos="SUBST">models </w><w c5="VBB" hw="be" pos="VERB">are </w><w c5="NN2" hw="diesel" pos="SUBST">diesels </w><w c5="AV0" hw="too" pos="ADV">too</w><c c5="PUN">, </c><w c5="PRP" hw="with" pos="PREP">with </w><w c5="AT0" hw="the" pos="ART">the </w><w c5="NP0" hw="mercedes" pos="SUBST">Mercedes </w><w c5="CRD" hw="200" pos="ADJ">200 </w><w c5="CJC" hw="and" pos="CONJ">and </w><w c5="CRD" hw="190" pos="ADJ">190</w><c c5="PUN">, </c><w c5="CJC" hw="and" pos="CONJ">and </w><w c5="NP0" hw="vauxhall" pos="SUBST">Vauxhall </w><w c5="NP0" hw="carlton" pos="SUBST">Carlton </w><w c5="VBG" hw="be" pos="VERB">being </w><w c5="AT0" hw="the" pos="ART">the </w><w c5="NN2" hw="favourite" pos="SUBST">favourites</w><c c5="PUN">.</c></s></p><p>
<s n="94"><w c5="AJS" hw="late" pos="ADJ">Latest </w><w c5="NN2" hw="test" pos="SUBST">tests </w><w c5="VVB" hw="indicate" pos="VERB">indicate </w><w c5="CJT" hw="that" pos="CONJ">that </w><w c5="NP0" hw="citroen" pos="SUBST">Citroen</w><w c5="POS" hw="'s" pos="UNC">'s </w><w c5="AJ0" hw="new" pos="ADJ">new </w><w c5="NP0" hw="xantia" pos="SUBST">Xantia </w><w c5="NN1" hw="diesel" pos="SUBST">diesel </w><w c5="NN1" hw="model" pos="SUBST">model </w><w c5="VBZ" hw="be" pos="VERB">is </w><w c5="AV0" hw="actually" pos="ADV">actually </w><w c5="AJC" hw="quiet" pos="ADJ">quieter </w><w c5="CJS" hw="than" pos="CONJ">than </w><w c5="AT0" hw="a" pos="ART">a </w><w c5="AJ0" hw="petrol-engined" pos="ADJ">petrol-engined </w><w c5="NP0" hw="ford" pos="SUBST">Ford </w><w c5="NP0" hw="mondeo" pos="SUBST">Mondeo</w><c c5="PUN">.</c></s></p><p>
<s n="95"><w c5="DT0" hw="another" pos="ADJ">Another </w><w c5="AJ0" hw="common" pos="ADJ">common </w><w c5="NN1" hw="feature" pos="SUBST">feature </w><w c5="PRF" hw="of" pos="PREP">of </w><w c5="DT0" hw="all" pos="ADJ">all </w><w c5="AJ0" hw="new" pos="ADJ">new </w><w c5="NN2" hw="diesel" pos="SUBST">diesels </w><w c5="VBZ" hw="be" pos="VERB">is </w><w c5="AJ0" hw="instant" pos="ADJ">instant </w><w c5="NN1" hw="starting" pos="SUBST">starting</w><c c5="PUN">.</c></s>
<s n="96"><w c5="AV0" hw="formerly" pos="ADV">Formerly </w><w c5="EX0" hw="there" pos="PRON">there </w><w c5="VBD" hw="be" pos="VERB">were </w><w c5="NN2" hw="glow-plug" pos="SUBST">glow-plugs </w><w c5="DTQ" hw="which" pos="PRON">which </w><w c5="VHD" hw="have" pos="VERB">had </w><w c5="TO0" hw="to" pos="PREP">to </w><w c5="VBI" hw="be" pos="VERB">be </w><w c5="VVN" hw="warm" pos="VERB">warmed </w><w c5="CJS" hw="before" pos="CONJ">before </w><w c5="AT0" hw="the" pos="ART">the </w><w c5="NN1" hw="engine" pos="SUBST">engine </w><w c5="VM0" hw="would" pos="VERB">would </w><w c5="VVI" hw="fire" pos="VERB">fire</w><c c5="PUN">.</c></s></p><p>
<s n="97"><w c5="AT0" hw="the" pos="ART">The </w><w c5="NN1" hw="performance" pos="SUBST">performance </w><w c5="PRF" hw="of" pos="PREP">of </w><w c5="NN2" hw="diesel" pos="SUBST">diesels </w><w c5="VHZ" hw="have" pos="VERB">has </w><w c5="VBN" hw="be" pos="VERB">been </w><w c5="VVN" hw="transform" pos="VERB">transformed </w><w c5="PRP" hw="by" pos="PREP">by </w><w c5="AT0" hw="the" pos="ART">the </w><w c5="NN1" hw="availability" pos="SUBST">availability </w><w c5="PRF" hw="of" pos="PREP">of </w><w c5="NN2" hw="turbocharger" pos="SUBST">turbochargers </w><w c5="PRP" hw="on" pos="PREP">on </w><w c5="DT0" hw="most" pos="ADJ">most </w><w c5="NN2" hw="model" pos="SUBST">models</w><c c5="PUN">, </c><w c5="VVG" hw="give" pos="VERB">giving </w><w c5="AT0" hw="the" pos="ART">the </w><w c5="NN1" hw="majority" pos="SUBST">majority </w><w c5="PRF" hw="of" pos="PREP">of </w><w c5="PNP" hw="they" pos="PRON">them </w><w c5="VVG" hw="cruise" pos="VERB">cruising </w><w c5="NN2" hw="capability" pos="SUBST">capabilities </w><mw c5="PRP"><w c5="PRP" hw="in" pos="PREP">in </w><w c5="NN1" hw="excess" pos="SUBST">excess </w><w c5="PRF" hw="of" pos="PREP">of </w></mw><w c5="NN0" hw="100mph" pos="SUBST">100mph</w><c c5="PUN">.</c></s></p><p>
<s n="98"><w c5="DT0" hw="some" pos="ADJ">Some </w><w c5="AV0" hw="now" pos="ADV">now </w><w c5="VVB" hw="come" pos="VERB">come </w><w c5="PRP" hw="with" pos="PREP">with </w><w c5="AT0" hw="the" pos="ART">the </w><w c5="NN1" hw="option" pos="SUBST">option </w><w c5="PRF" hw="of" pos="PREP">of </w><w c5="AJ0" hw="automatic" pos="ADJ">automatic </w><w c5="NN1" hw="transmission" pos="SUBST">transmission</w><c c5="PUN">, </c><w c5="CJC" hw="and" pos="CONJ">and </w><w c5="AT0" hw="a" pos="ART">a </w><w c5="AJ0" hw="small" pos="ADJ">small </w><w c5="NN1" hw="number" pos="SUBST">number </w><w c5="VBB" hw="be" pos="VERB">are </w><w c5="AV0" hw="even" pos="ADV">even </w><w c5="AJ0" hw="available" pos="ADJ">available </w><w c5="PRP" hw="with" pos="PREP">with </w><w c5="NN1" hw="air" pos="SUBST">air </w><w c5="NN1" hw="conditioning" pos="SUBST">conditioning </w><c c5="PUN">— </c><w c5="AV0" hw="previously" pos="ADV">previously </w><w c5="AT0" hw="the" pos="ART">the </w><w c5="AJ0" hw="exclusive" pos="ADJ">exclusive </w><w c5="NN1" hw="domain" pos="SUBST">domain </w><w c5="PRF" hw="of" pos="PREP">of </w><w c5="AT0" hw="the" pos="ART">the </w><w c5="AJ0" hw="ultimate" pos="ADJ">ultimate </w><w c5="AJ0" hw="petrol-engined" pos="ADJ">petrol-engined </w><w c5="NN1" hw="executive" pos="SUBST">executive </w><w c5="VVB" hw="express" pos="VERB">express</w><c c5="PUN">.</c></s></p><p type="caption">
<s n="99"><w c5="NN2" hw="diesel" pos="SUBST">DIESELS </w><w c5="VVB" hw="go" pos="VERB">GO </w><w c5="PRP" hw="into" pos="PREP">INTO </w><w c5="NN1" hw="overdrive" pos="SUBST">OVERDRIVE</w></s></p></div><div level="1"><head>
<s n="100"><w c5="AT0" hw="the" pos="ART">The </w><w c5="NN1" hw="glass" pos="SUBST">glass </w><w c5="NN1" hw="mystery" pos="SUBST">mystery</w><c c5="PUN">:</c></s></head><p>
<s n="101"><w c5="NN1" hw="mystery" pos="SUBST">MYSTERY </w><w c5="NN1" hw="glass" pos="SUBST">glass </w><w c5="NN2" hw="explosion" pos="SUBST">explosions </w><w c5="VHB" hw="have" pos="VERB">have </w><w c5="VVN" hw="occur" pos="VERB">occurred </w><w c5="PRP" hw="at" pos="PREP">at </w><w c5="AT0" hw="a" pos="ART">a </w><w c5="NN1" hw="number" pos="SUBST">number </w><w c5="PRF" hw="of" pos="PREP">of </w><w c5="NP0" hw="uk" pos="SUBST">UK </w><w c5="NN2" hw="building" pos="SUBST">buildings </w><w c5="VVN" hw="construct" pos="VERB">constructed </w><w c5="PRP" hw="during" pos="PREP">during </w><w c5="AT0" hw="the" pos="ART">the </w><w c5="ORD" hw="last" pos="ADJ">last </w><w c5="NN1" hw="decade" pos="SUBST">decade</w><c c5="PUN">.</c></s></p><p>
<s n="102"><w c5="NN1" hw="landmark" pos="SUBST">Landmark </w><w c5="NN2" hw="building" pos="SUBST">buildings </w><mw c5="PRP"><w c5="DT0" hw="such" pos="ADJ">such </w><w c5="PRP" hw="as" pos="PREP">as </w></mw><w c5="AT0" hw="the" pos="ART">the </w><w c5="NP0" hw="reuters" pos="SUBST">Reuters </w><w c5="NN2" hw="office" pos="SUBST">offices </w><w c5="PRP" hw="in" pos="PREP">in </w><w c5="NP0" hw="london" pos="SUBST">London </w><w c5="VVN" hw="design" pos="VERB">designed </w><w c5="PRP" hw="by" pos="PREP">by </w><w c5="NP0" hw="richard" pos="SUBST">Richard </w><w c5="NP0" hw="rogers" pos="SUBST">Rogers</w><c c5="PUN">, </c><w c5="CJC" hw="and" pos="CONJ">and </w><w c5="NP0" hw="sir" pos="SUBST">Sir </w><w c5="NP0" hw="norman" pos="SUBST">Norman </w><w c5="NP0" hw="foster" pos="SUBST">Foster</w><w c5="POS" hw="'s" pos="UNC">'s </w><w c5="NP0-NN1" hw="standstead" pos="SUBST">Standstead </w><w c5="NN1" hw="airport" pos="SUBST">airport </w><w c5="NN1" hw="terminal" pos="SUBST">terminal </w><w c5="VHB" hw="have" pos="VERB">have </w><w c5="VBN" hw="be" pos="VERB">been </w><w c5="VVN" hw="affect" pos="VERB">affected</w><c c5="PUN">.</c></s></p><p>
<s n="103"><w c5="AT0" hw="a" pos="ART">A </w><w c5="AJ0" hw="packed" pos="ADJ">packed </w><w c5="NN1" hw="restaurant" pos="SUBST">restaurant </w><w c5="VBD" hw="be" pos="VERB">was </w><w c5="VVN" hw="spray" pos="VERB">sprayed </w><w c5="PRP" hw="with" pos="PREP">with </w><w c5="NN1" hw="glass" pos="SUBST">glass </w><w c5="PRP" hw="at" pos="PREP">at </w><w c5="AT0" hw="the" pos="ART">the </w><w c5="NN0" hw="£300m" pos="UNC">£300m </w><w c5="NP0-NN1" hw="lakeside" pos="SUBST">Lakeside </w><w c5="NN1" hw="shopping" pos="SUBST">Shopping </w><w c5="NN1" hw="centre" pos="SUBST">Centre </w><w c5="PRP" hw="in" pos="PREP">in </w><w c5="NP0" hw="thurrock" pos="SUBST">Thurrock</w><c c5="PUN">, </c><w c5="NP0" hw="essex" pos="SUBST">Essex</w><c c5="PUN">.</c></s></p><p>
<s n="104"><w c5="AT0" hw="a" pos="ART">A </w><w c5="NN1" hw="shopper" pos="SUBST">shopper </w><w c5="VBD" hw="be" pos="VERB">was </w><w c5="VVN" hw="injure" pos="VERB">injured </w><w c5="PRP" hw="at" pos="PREP">at </w><w c5="AT0" hw="the" pos="ART">the </w><w c5="AJ0-NN1" hw="harlequin" pos="ADJ">Harlequin </w><w c5="NN1" hw="centre" pos="SUBST">centre</w><c c5="PUN">, </c><w c5="NP0" hw="watford" pos="SUBST">Watford</w><c c5="PUN">.</c></s></p><p>
<s n="105"><w c5="CRD" hw="nine" pos="ADJ">Nine </w><w c5="NN2" hw="panel" pos="SUBST">panels </w><w c5="VVD" hw="explode" pos="VERB">exploded </w><w c5="PRP" hw="at" pos="PREP">at </w><w c5="AT0" hw="the" pos="ART">the </w><w c5="AJ0" hw="scottish" pos="ADJ">Scottish </w><w c5="NN1" hw="exhibition" pos="SUBST">Exhibition </w><w c5="NN1" hw="centre" pos="SUBST">Centre</w><c c5="PUN">, </c><w c5="NP0" hw="glasgow" pos="SUBST">Glasgow</w><c c5="PUN">.</c></s></p><p>
<s n="106"><w c5="AT0" hw="the" pos="ART">The </w><w c5="NN1" hw="company" pos="SUBST">company </w><w c5="PRP" hw="behind" pos="PREP">behind </w><w c5="CRD" hw="three" pos="ADJ">three </w><w c5="AJ0-VVN" hw="affected" pos="ADJ">affected </w><w c5="AJ0" hw="british" pos="ADJ">British </w><w c5="NN1" hw="shopping" pos="SUBST">shopping </w><w c5="NN2" hw="centre" pos="SUBST">centres </w><w c5="VHB" hw="have" pos="VERB">have </w><w c5="AV0" hw="now" pos="ADV">now </w><w c5="VVN" hw="spend" pos="VERB">spent </w><w c5="CRD" hw="thousands" pos="ADJ">thousands </w><w c5="PRF" hw="of" pos="PREP">of </w><w c5="NN2" hw="pound" pos="SUBST">pounds </w><w c5="VVG" hw="install" pos="VERB">installing </w><w c5="NN1" hw="wire" pos="SUBST">wire </w><w c5="NN1" hw="mesh" pos="SUBST">mesh </w><w c5="NN2" hw="net" pos="SUBST">nets </w><w c5="TO0" hw="to" pos="PREP">to </w><w c5="VVI" hw="protect" pos="VERB">protect </w><w c5="NN2" hw="shopper" pos="SUBST">shoppers</w><c c5="PUN">.</c></s></p></div></wtext></bncDoc>
