<bncDoc xml:id="K4R"><teiHeader><fileDesc><titleStmt><title>  Northern Echo: Religious affairs stories. Sample containing about 1084 words from a periodical (domain: belief and thought) </title><respStmt><resp> Data capture and transcription </resp><name> Oxford University Press </name> </respStmt></titleStmt><editionStmt><edition>BNC XML Edition, December 2006</edition></editionStmt><extent> 1084 tokens; 1092 w-units; 60 s-units </extent><publicationStmt><distributor>Distributed under licence by Oxford University Computing Services on behalf of the BNC Consortium.</distributor><availability> This material is protected by international copyright laws and may not be copied or redistributed in any way. Consult the BNC Web Site at http://www.natcorp.ox.ac.uk for full licencing and distribution conditions.</availability><idno type="bnc">K4R</idno><idno type="old"> NaBeli </idno></publicationStmt><sourceDesc><bibl><title>Northern Echo: Religious affairs stories.</title> <imprint><publisher>u.p.</publisher> </imprint> </bibl></sourceDesc></fileDesc><encodingDesc><tagsDecl><namespace name=""><tagUsage gi="c" occurs="140"/><tagUsage gi="div" occurs="7"/><tagUsage gi="head" occurs="3"/><tagUsage gi="mw" occurs="4"/><tagUsage gi="p" occurs="42"/><tagUsage gi="s" occurs="60"/><tagUsage gi="w" occurs="1092"/></namespace></tagsDecl></encodingDesc><profileDesc><creation date="0000">0000-00-00 Origination/creation date not known </creation><textClass><catRef targets="alltim3 news  wriase0  wridom8   wrista0 "/><classCode scheme="DLEE">W newsp other: social</classCode><keywords><term> (none) </term></keywords></textClass></profileDesc><revisionDesc><change date="2006-10-21" who="#OUCS">Tag usage updated for BNC-XML</change><change date="2000-12-13" who="#OUCS">Last check for BNC World first release</change><change date="2000-09-01" who="#OUCS">Check all tagcounts</change><change date="2000-06-23" who="#OUCS">Resequenced s-units and added headers</change><change date="2000-01-21" who="#OUCS">Added date info</change><change date="2000-01-09" who="#OUCS">Updated all catrefs</change><change date="2000-01-08" who="#OUCS">Updated source title</change><change date="2000-01-08" who="#OUCS">Updated titles</change><change date="1999-12-25" who="#OUCS">corrected tagUsage</change><change date="1999-09-16" who="#UCREL">POS codes revised for BNC-2; header updated</change><change date="1994-11-26" who="#dominic">Initial accession to corpus</change></revisionDesc></teiHeader>
<wtext type="NEWS"><p type="caption:display">
<s n="1"><w c5="AT0" hw="the" pos="ART">The </w><w c5="AJ0" hw="northern" pos="ADJ">Northern </w><w c5="NN1" hw="echo" pos="SUBST">Echo</w></s></p><div level="1"><p>
<s n="2"><w c5="NN1" hw="one-year-old" pos="SUBST">ONE-year-old </w><w c5="NP0" hw="neil" pos="SUBST">Neil </w><w c5="AJ0-NN1" hw="ferdowsian" pos="ADJ">Ferdowsian </w><w c5="CJC" hw="and" pos="CONJ">and </w><w c5="DPS" hw="he" pos="PRON">his </w><w c5="NN1" hw="family" pos="SUBST">family</w><c c5="PUN">, </c><w c5="PNQ" hw="who" pos="PRON">who </w><w c5="VVB" hw="belong" pos="VERB">belong </w><w c5="PRP" hw="to" pos="PREP">to </w><w c5="AT0" hw="the" pos="ART">the </w><w c5="AJ0-NN1" hw="baha'i" pos="ADJ">Baha'i </w><w c5="NN1" hw="faith" pos="SUBST">faith</w><c c5="PUN">, </c><w c5="VBD" hw="be" pos="VERB">were </w><w c5="PRP" hw="among" pos="PREP">among </w><w c5="CRD" hw="hundreds" pos="ADJ">hundreds </w><w c5="PNQ" hw="who" pos="PRON">who </w><w c5="VVD" hw="join" pos="VERB">joined </w><w c5="PRP-AVP" hw="in" pos="PREP">in </w><w c5="AT0" hw="an" pos="ART">an </w><w c5="AJ0" hw="inter-faith" pos="ADJ">inter-faith </w><w c5="NN1" hw="service" pos="SUBST">service </w><w c5="VVN" hw="lead" pos="VERB">led </w><w c5="PRP" hw="by" pos="PREP">by </w><w c5="NN1" hw="bishop" pos="SUBST">Bishop </w><w c5="PRF" hw="of" pos="PREP">of </w><w c5="NP0" hw="middlesbrough" pos="SUBST">Middlesbrough </w><w c5="NP0" hw="augustine" pos="SUBST">Augustine </w><w c5="NP0" hw="harris" pos="SUBST">Harris </w><w c5="PRP" hw="on" pos="PREP">on </w><w c5="NP0" hw="saturday" pos="SUBST">Saturday</w><c c5="PUN">.</c></s>
<s n="3"><w c5="NN2" hw="follower" pos="SUBST">Followers </w><w c5="PRF" hw="of" pos="PREP">of </w><w c5="AT0" hw="the" pos="ART">the </w><w c5="NN1" hw="buddhist" pos="SUBST">Buddhist</w><c c5="PUN">, </c><w c5="NP0-NN1" hw="baha'i" pos="SUBST">Baha'i</w><c c5="PUN">, </c><w c5="AJ0" hw="christian" pos="ADJ">Christian</w><c c5="PUN">, </c><w c5="AJ0" hw="sikh" pos="ADJ">Sikh</w><c c5="PUN">, </c><w c5="AJ0" hw="muslim" pos="ADJ">Muslim</w><c c5="PUN">, </c><w c5="AJ0" hw="hindu" pos="ADJ">Hindu </w><w c5="CJC" hw="and" pos="CONJ">and </w><w c5="AJ0" hw="jewish" pos="ADJ">Jewish </w><w c5="NN2" hw="faith" pos="SUBST">faiths </w><w c5="VVN-VVD" hw="pray" pos="VERB">prayed </w><w c5="PRP" hw="for" pos="PREP">for </w><w c5="NN1" hw="peace" pos="SUBST">peace </w><w c5="CJC" hw="and" pos="CONJ">and </w><w c5="NN1" hw="conciliation" pos="SUBST">conciliation </w><w c5="PRP" hw="in" pos="PREP">in </w><w c5="AT0" hw="the" pos="ART">the </w><w c5="NN1" hw="world" pos="SUBST">world </w><w c5="PRP" hw="during" pos="PREP">during </w><w c5="AT0" hw="the" pos="ART">the </w><w c5="NN1" hw="service" pos="SUBST">service </w><w c5="PRP" hw="in" pos="PREP">in </w><w c5="AT0" hw="the" pos="ART">the </w><w c5="NN1" hw="cathedral" pos="SUBST">Cathedral </w><w c5="NN1" hw="church" pos="SUBST">Church </w><w c5="PRF" hw="of" pos="PREP">of </w><w c5="NP0" hw="st" pos="SUBST">St </w><w c5="NP0" hw="mary" pos="SUBST">Mary</w><c c5="PUN">, </c><w c5="NP0" hw="coulby" pos="SUBST">Coulby </w><w c5="NP0" hw="newham" pos="SUBST">Newham</w><c c5="PUN">, </c><w c5="NP0" hw="middlesbrough" pos="SUBST">Middlesbrough</w><c c5="PUN">.</c></s></p></div><div level="1"><head>
<s n="4"><w c5="AJ0" hw="top" pos="ADJ">Top </w><w c5="NN1" hw="guidance" pos="SUBST">guidance</w></s></head><p>
<s n="5"><w c5="AJ0-NN1" hw="top" pos="ADJ">TOP </w><w c5="NN2" hw="theologian" pos="SUBST">theologians </w><w c5="PRP" hw="from" pos="PREP">from </w><w c5="NP0" hw="durham" pos="SUBST">Durham </w><w c5="CJC" hw="and" pos="CONJ">and </w><w c5="NP0" hw="newcastle" pos="SUBST">Newcastle </w><w c5="NN2" hw="university" pos="SUBST">universities </w><w c5="VM0" hw="will" pos="VERB">will </w><w c5="VVI" hw="help" pos="VERB">help </w><w c5="CRD" hw="500" pos="ADJ">500 </w><w c5="NP0" hw="north" pos="SUBST">North </w><w c5="ORD" hw="sixth" pos="ADJ">sixth </w><w c5="NN2" hw="former" pos="SUBST">formers </w><w c5="VVB" hw="prepare" pos="VERB">prepare </w><w c5="PRP" hw="for" pos="PREP">for </w><w c5="DPS" hw="they" pos="PRON">their </w><w c5="NN1" hw="a-level" pos="SUBST">A-level </w><w c5="AJ0" hw="religious" pos="ADJ">religious </w><w c5="NN2" hw="study" pos="SUBST">studies </w><w c5="NN2" hw="exam" pos="SUBST">exams </w><w c5="PRP" hw="at" pos="PREP">at </w><w c5="AT0" hw="the" pos="ART">the </w><w c5="AJ0" hw="annual" pos="ADJ">annual </w><w c5="NN1" hw="study" pos="SUBST">study </w><w c5="NN1" hw="day" pos="SUBST">day </w><w c5="VVN" hw="organise" pos="VERB">organised </w><w c5="PRP" hw="by" pos="PREP">by </w><w c5="AT0" hw="the" pos="ART">the </w><w c5="NN1" hw="north" pos="SUBST">North </w><w c5="PRF" hw="of" pos="PREP">of </w><w c5="NP0" hw="england" pos="SUBST">England </w><w c5="NN1" hw="institute" pos="SUBST">Institute </w><w c5="PRP" hw="for" pos="PREP">for </w><w c5="AJ0" hw="christian" pos="ADJ">Christian </w><w c5="NN1" hw="education" pos="SUBST">Education </w><w c5="PRP" hw="at" pos="PREP">at </w><w c5="NP0" hw="durham" pos="SUBST">Durham </w><w c5="NN1" hw="university" pos="SUBST">University </w><w c5="PRP" hw="on" pos="PREP">on </w><w c5="NP0" hw="march" pos="SUBST">March </w><w c5="CRD" hw="20" pos="ADJ">20</w><c c5="PUN">.</c></s></p></div><div level="1"><head>
<s n="6"><w c5="NP0" hw="hartlepool" pos="SUBST">HARTLEPOOL</w><c c5="PUN">:</c></s></head><p>
<s n="7"><w c5="AJ0" hw="conservative" pos="ADJ">Conservative </w><w c5="NN1" hw="candidate" pos="SUBST">candidate </w><w c5="NP0" hw="graham" pos="SUBST">Graham </w><w c5="NP0" hw="robb" pos="SUBST">Robb </w><w c5="VVZ" hw="say" pos="VERB">says </w><w c5="DPS" hw="he" pos="PRON">his </w><w c5="NN1" hw="party" pos="SUBST">party </w><w c5="VBZ" hw="be" pos="VERB">is </w><w c5="AJ0" hw="right" pos="ADJ">right </w><w c5="TO0" hw="to" pos="PREP">to </w><w c5="VVI" hw="promise" pos="VERB">promise </w><w c5="AT0" hw="the" pos="ART">the </w><w c5="NN1" hw="sale" pos="SUBST">sale </w><w c5="PRF" hw="of" pos="PREP">of </w><w c5="NP0-NN1" hw="teesside" pos="SUBST">Teesside </w><w c5="NN1" hw="airport" pos="SUBST">Airport</w><c c5="PUN">.</c></s>
<s n="8"><w c5="PNP" hw="he" pos="PRON">He </w><w c5="VVD" hw="say" pos="VERB">said </w><w c5="AT0" hw="the" pos="ART">the </w><w c5="NN1" hw="airport" pos="SUBST">airport</w><w c5="POS" hw="'s" pos="UNC">'s </w><w c5="NN1" hw="development" pos="SUBST">development </w><w c5="VM0" hw="would" pos="VERB">would </w><w c5="VBI" hw="be" pos="VERB">be </w><w c5="AJC" hw="fast" pos="ADJ">faster </w><w c5="PRP" hw="in" pos="PREP">in </w><w c5="AT0" hw="the" pos="ART">the </w><w c5="AJ0" hw="private" pos="ADJ">private </w><w c5="NN1" hw="sector" pos="SUBST">sector</w><c c5="PUN">.</c></s>
<s n="9"><w c5="AT0" hw="the" pos="ART">The </w><w c5="CRD" hw="three" pos="ADJ">three </w><w c5="NN2" hw="candidate" pos="SUBST">candidates </w><w c5="VM0" hw="will" pos="VERB">will </w><w c5="VVI" hw="take" pos="VERB">take </w><w c5="NN1" hw="part" pos="SUBST">part </w><w c5="PRP" hw="in" pos="PREP">in </w><w c5="AT0" hw="a" pos="ART">a </w><w c5="NN1" hw="forum" pos="SUBST">forum </w><w c5="PRP" hw="at" pos="PREP">at </w><w c5="AV0" hw="7.30pm" pos="ADV">7.30pm </w><w c5="PRP" hw="on" pos="PREP">on </w><w c5="NP0" hw="april" pos="SUBST">April </w><w c5="CRD" hw="1" pos="ADJ">1 </w><w c5="PRP" hw="at" pos="PREP">at </w><w c5="NP0" hw="st" pos="SUBST">St </w><w c5="NP0" hw="george" pos="SUBST">George</w><w c5="POS" hw="'s" pos="UNC">'s </w><w c5="AJ0" hw="united" pos="ADJ">United </w><w c5="AJ0" hw="reformed" pos="ADJ">Reformed </w><w c5="NN1" hw="church" pos="SUBST">Church</w><c c5="PUN">.</c></s>
<s n="10"><w c5="NP0" hw="redcar" pos="SUBST">REDCAR</w><c c5="PUN">: </c><w c5="AJ0" hw="liberal" pos="ADJ">Liberal </w><w c5="NN1" hw="democrat" pos="SUBST">Democrat </w><w c5="NP0" hw="chris" pos="SUBST">Chris </w><w c5="NP0" hw="abbott" pos="SUBST">Abbott </w><w c5="VBZ" hw="be" pos="VERB">is </w><w c5="AJ0" hw="shocked" pos="ADJ">shocked </w><w c5="PRP" hw="by" pos="PREP">by </w><w c5="NN2" hw="figure" pos="SUBST">figures </w><w c5="DTQ" hw="which" pos="PRON">which </w><w c5="VVB" hw="show" pos="VERB">show </w><w c5="NP0" hw="langbaurgh" pos="SUBST">Langbaurgh </w><w c5="NN1" hw="council" pos="SUBST">Council </w><w c5="VVZ" hw="need" pos="VERB">needs </w><w c5="TO0" hw="to" pos="PREP">to </w><w c5="VVI" hw="spend" pos="VERB">spend </w><w c5="NN0" hw="£60m" pos="UNC">£60m </w><w c5="TO0" hw="to" pos="PREP">to </w><w c5="VVI" hw="bring" pos="VERB">bring </w><w c5="DPS" hw="it" pos="PRON">its </w><w c5="NN1" hw="housing" pos="SUBST">housing </w><w c5="NN1" hw="stock" pos="SUBST">stock </w><mw c5="PRP"><w c5="AVP" hw="up" pos="ADV">up </w><w c5="PRP" hw="to" pos="PREP">to </w></mw><w c5="AJ0" hw="modern" pos="ADJ">modern </w><w c5="NN2" hw="standard" pos="SUBST">standards</w><c c5="PUN">.</c></s>
<s n="11"><w c5="PNP" hw="he" pos="PRON">He </w><w c5="VVD" hw="say" pos="VERB">said </w><w c5="DPS" hw="he" pos="PRON">his </w><w c5="NN1" hw="party" pos="SUBST">party </w><w c5="VM0" hw="would" pos="VERB">would </w><w c5="VVI" hw="tackle" pos="VERB">tackle </w><w c5="NN2" hw="problem" pos="SUBST">problems </w><w c5="PRP" hw="on" pos="PREP">on </w><w c5="AT0" hw="a" pos="ART">a </w><c c5="PUQ">‘</c><w c5="VVB" hw="worst" pos="VERB">worst </w><w c5="ORD" hw="first" pos="ADJ">first</w><c c5="PUQ">’ </c><w c5="NN1" hw="basis" pos="SUBST">basis</w><c c5="PUN">.</c></s></p></div><div level="1"><p>
<s n="12"><w c5="AT0" hw="the" pos="ART">THE </w><w c5="NN1" hw="head" pos="SUBST">head </w><w c5="PRF" hw="of" pos="PREP">of </w><w c5="AT0" hw="a" pos="ART">a </w><w c5="AJ0" hw="religious" pos="ADJ">religious </w><w c5="NN1" hw="order" pos="SUBST">order </w><w c5="VVD" hw="fly" pos="VERB">flew </w><w c5="AVP" hw="in" pos="ADV">in </w><w c5="PRP" hw="from" pos="PREP">from </w><w c5="NP0" hw="rome" pos="SUBST">Rome </w><w c5="TO0" hw="to" pos="PREP">to </w><w c5="VVI" hw="lay" pos="VERB">lay </w><w c5="AT0" hw="a" pos="ART">a </w><w c5="NN1" hw="foundation" pos="SUBST">foundation </w><w c5="NN1" hw="stone" pos="SUBST">stone </w><w c5="PRP" hw="for" pos="PREP">for </w><w c5="AT0" hw="a" pos="ART">a </w><w c5="AJ0" hw="new" pos="ADJ">new </w><w c5="AJ0" hw="pastoral" pos="ADJ">pastoral </w><w c5="NN1" hw="centre" pos="SUBST">centre </w><w c5="PRP" hw="in" pos="PREP">in </w><w c5="AT0" hw="the" pos="ART">the </w><w c5="NN1" hw="north-east" pos="SUBST">North-East </w><w c5="AV0" hw="yesterday" pos="ADV">yesterday</w><c c5="PUN">.</c></s></p><p>
<s n="13"><w c5="NP0" hw="brother" pos="SUBST">Brother </w><w c5="NP0" hw="brian" pos="SUBST">Brian </w><w c5="NP0" hw="o'donnell" pos="SUBST">O'Donnell</w><c c5="PUN">, </c><w c5="AJ0" hw="prior" pos="ADJ">prior </w><w c5="NN1" hw="general" pos="SUBST">general </w><w c5="PRF" hw="of" pos="PREP">of </w><w c5="AT0" hw="the" pos="ART">the </w><w c5="NN1-NP0" hw="hospitaller" pos="SUBST">Hospitaller </w><w c5="NN1" hw="order" pos="SUBST">Order </w><w c5="PRF" hw="of" pos="PREP">of </w><w c5="NP0" hw="st" pos="SUBST">St </w><w c5="NP0" hw="john" pos="SUBST">John </w><w c5="PRF" hw="of" pos="PREP">of </w><w c5="NP0" hw="god" pos="SUBST">God</w><c c5="PUN">, </c><w c5="VVD" hw="lay" pos="VERB">laid </w><w c5="AT0" hw="the" pos="ART">the </w><w c5="NN1" hw="stone" pos="SUBST">stone </w><w c5="PRP" hw="at" pos="PREP">at </w><w c5="AT0" hw="the" pos="ART">the </w><w c5="NP0-NN1" hw="viewley" pos="SUBST">Viewley </w><w c5="NN1" hw="centre" pos="SUBST">Centre</w><c c5="PUN">, </c><w c5="NP0" hw="hemlington" pos="SUBST">Hemlington</w><c c5="PUN">, </c><w c5="NP0" hw="middlesbrough" pos="SUBST">Middlesbrough</w><c c5="PUN">.</c></s></p><p>
<s n="14"><w c5="DT0" hw="this" pos="ADJ">This </w><w c5="NN1" hw="set" pos="SUBST">set </w><w c5="PRP" hw="in" pos="PREP">in </w><w c5="NN1" hw="motion" pos="SUBST">motion </w><w c5="AT0" hw="the" pos="ART">the </w><w c5="AJ0" hw="final" pos="ADJ">final </w><w c5="NN1" hw="phase" pos="SUBST">phase </w><w c5="PRF" hw="of" pos="PREP">of </w><w c5="AT0" hw="a" pos="ART">a </w><w c5="NN1" hw="project" pos="SUBST">project </w><w c5="DTQ" hw="which" pos="PRON">which </w><w c5="VVD" hw="start" pos="VERB">started </w><w c5="PRP" hw="in" pos="PREP">in </w><w c5="CRD" hw="1988" pos="ADJ">1988 </w><w c5="AVQ" hw="when" pos="ADV">when </w><w c5="AT0" hw="the" pos="ART">the </w><w c5="NN1" hw="order" pos="SUBST">order </w><w c5="VBD" hw="be" pos="VERB">was </w><w c5="VVN" hw="invite" pos="VERB">invited </w><w c5="PRP" hw="by" pos="PREP">by </w><w c5="AT0" hw="the" pos="ART">the </w><w c5="NN1" hw="bishop" pos="SUBST">Bishop </w><w c5="PRF" hw="of" pos="PREP">of </w><w c5="NP0" hw="middlesbrough" pos="SUBST">Middlesbrough</w><c c5="PUN">, </c><w c5="NP0" hw="augustine" pos="SUBST">Augustine </w><w c5="NP0" hw="harris" pos="SUBST">Harris </w><w c5="TO0" hw="to" pos="PREP">to </w><w c5="VVI" hw="research" pos="VERB">research </w><w c5="AT0" hw="the" pos="ART">the </w><w c5="AJ0" hw="pastoral" pos="ADJ">pastoral </w><w c5="NN2" hw="need" pos="SUBST">needs </w><w c5="PRF" hw="of" pos="PREP">of </w><w c5="NN0" hw="people" pos="SUBST">people </w><w c5="PRP" hw="in" pos="PREP">in </w><w c5="AT0" hw="the" pos="ART">the </w><w c5="NN1" hw="area" pos="SUBST">area</w><c c5="PUN">.</c></s></p><p>
<s n="15"><w c5="NP0" hw="anita" pos="SUBST">Anita </w><w c5="NP0" hw="foster" pos="SUBST">Foster</w><c c5="PUN">, </c><w c5="VVG" hw="speak" pos="VERB">speaking </w><w c5="PRP" hw="from" pos="PREP">from </w><w c5="AT0" hw="the" pos="ART">the </w><w c5="NP0" hw="st" pos="SUBST">St </w><w c5="NP0" hw="john" pos="SUBST">John </w><w c5="PRF" hw="of" pos="PREP">of </w><w c5="NP0" hw="god" pos="SUBST">God </w><w c5="NN1" hw="hospital" pos="SUBST">Hospital </w><w c5="PRP" hw="at" pos="PREP">at </w><w c5="NP0" hw="scorton" pos="SUBST">Scorton</w><c c5="PUN">, </c><w c5="PRP" hw="near" pos="PREP">near </w><w c5="NP0" hw="richmond" pos="SUBST">Richmond</w><c c5="PUN">, </c><w c5="NP0" hw="north" pos="SUBST">North </w><w c5="NP0" hw="yorkshire" pos="SUBST">Yorkshire</w><c c5="PUN">, </c><w c5="VVD" hw="say" pos="VERB">said</w><c c5="PUN">: </c><c c5="PUQ">‘</c><w c5="EX0" hw="there" pos="PRON">There </w><w c5="VBZ" hw="be" pos="VERB">is </w><w c5="AT0" hw="a" pos="ART">a </w><w c5="AJ0" hw="great" pos="ADJ">great </w><w c5="NN1" hw="need" pos="SUBST">need </w><w c5="PRP" hw="for" pos="PREP">for </w><w c5="DT0" hw="this" pos="ADJ">this </w><w c5="NN1" hw="centre" pos="SUBST">centre</w><c c5="PUN">.</c><c c5="PUQ">’</c></s></p><p>
<s n="16"><w c5="AT0" hw="the" pos="ART">The </w><w c5="NN1" hw="project" pos="SUBST">project </w><w c5="VM0" hw="will" pos="VERB">will </w><w c5="VVI" hw="cost" pos="VERB">cost </w><w c5="AV0" hw="around" pos="ADV">around </w><w c5="NN0" hw="£700,000" pos="UNC">£700,000 </w><w c5="CJC" hw="and" pos="CONJ">and </w><w c5="NN2" hw="donation" pos="SUBST">donations </w><w c5="VBB" hw="be" pos="VERB">are </w><w c5="VVN" hw="invite" pos="VERB">invited</w><c c5="PUN">.</c></s></p><p>
<s n="17"><w c5="AT0" hw="a" pos="ART">A </w><w c5="NN1" hw="day" pos="SUBST">day </w><w c5="NN1-VVB" hw="care" pos="SUBST">care </w><w c5="NN1" hw="centre" pos="SUBST">centre </w><w c5="PRP" hw="for" pos="PREP">for </w><w c5="NN0" hw="people" pos="SUBST">people </w><w c5="PRP" hw="with" pos="PREP">with </w><w c5="NN1" hw="learning" pos="SUBST">learning </w><w c5="NN2" hw="difficulty" pos="SUBST">difficulties </w><w c5="VM0" hw="will" pos="VERB">will </w><w c5="VBI" hw="be" pos="VERB">be </w><w c5="AT0" hw="a" pos="ART">a </w><w c5="AJ0" hw="major" pos="ADJ">major </w><w c5="NN1" hw="feature" pos="SUBST">feature </w><w c5="PRF" hw="of" pos="PREP">of </w><w c5="AT0" hw="the" pos="ART">the </w><w c5="NN1" hw="centre" pos="SUBST">centre</w><c c5="PUN">, </c><mw c5="PRP"><w c5="AVP" hw="along" pos="ADV">along </w><w c5="PRP" hw="with" pos="PREP">with </w></mw><w c5="NN1" hw="support" pos="SUBST">support </w><w c5="CJC" hw="and" pos="CONJ">and </w><w c5="NN1-VVB" hw="care" pos="SUBST">care </w><w c5="NN1" hw="counselling" pos="SUBST">counselling </w><w c5="PRP" hw="for" pos="PREP">for </w><w c5="AT0" hw="the" pos="ART">the </w><w c5="AJ0" hw="elderly" pos="ADJ">elderly</w><c c5="PUN">, </c><w c5="AJ0" hw="infirm" pos="ADJ">infirm </w><w c5="CJC" hw="and" pos="CONJ">and </w><w c5="AJ0" hw="sick" pos="ADJ">sick</w><c c5="PUN">.</c></s></p><p>
<s n="18"><w c5="EX0" hw="there" pos="PRON">There </w><w c5="VM0" hw="will" pos="VERB">will </w><w c5="AV0" hw="also" pos="ADV">also </w><w c5="VBI" hw="be" pos="VERB">be </w><w c5="AT0" hw="a" pos="ART">a </w><w c5="NN1" hw="place" pos="SUBST">place </w><w c5="PRF" hw="of" pos="PREP">of </w><w c5="NN1" hw="worship" pos="SUBST">worship </w><w c5="CJC" hw="and" pos="CONJ">and </w><w c5="AJ0-VVG" hw="living" pos="ADJ">living </w><w c5="NN2" hw="quarter" pos="SUBST">quarters </w><w c5="PRP" hw="for" pos="PREP">for </w><w c5="CRD" hw="four" pos="ADJ">four </w><w c5="NN2" hw="brother" pos="SUBST">brothers </w><w c5="PRF" hw="of" pos="PREP">of </w><w c5="AT0" hw="the" pos="ART">the </w><w c5="NN1" hw="order" pos="SUBST">order</w><c c5="PUN">, </c><w c5="PNQ" hw="who" pos="PRON">who </w><w c5="VM0" hw="will" pos="VERB">will </w><w c5="VVI" hw="administer" pos="VERB">administer </w><w c5="AT0" hw="the" pos="ART">the </w><w c5="NN1" hw="centre" pos="SUBST">centre</w><c c5="PUN">.</c></s></p><p>
<s n="19"><w c5="AT0" hw="the" pos="ART">The </w><w c5="AJ0" hw="pastoral" pos="ADJ">pastoral </w><w c5="NN1" hw="centre" pos="SUBST">centre </w><w c5="VM0" hw="should" pos="VERB">should </w><w c5="VBI" hw="be" pos="VERB">be </w><w c5="AJ0" hw="open" pos="ADJ">open </w><w c5="PRP" hw="by" pos="PREP">by </w><w c5="AT0" hw="the" pos="ART">the </w><w c5="NN1" hw="end" pos="SUBST">end </w><w c5="PRF" hw="of" pos="PREP">of </w><w c5="NP0" hw="october" pos="SUBST">October</w><c c5="PUN">.</c></s></p></div><div level="1"><p>
<s n="20"><w c5="AT0" hw="a" pos="ART">A </w><w c5="NN1-VVB" hw="row" pos="SUBST">ROW </w><w c5="PRP-AVP" hw="over" pos="PREP">over </w><w c5="NN2" hw="plan" pos="SUBST">plans </w><w c5="PRP" hw="for" pos="PREP">for </w><w c5="AT0" hw="a" pos="ART">a </w><w c5="NN1" hw="teesside" pos="SUBST">Teesside </w><w c5="NN1" hw="mosque" pos="SUBST">mosque </w><w c5="VBZ" hw="be" pos="VERB">is </w><w c5="VVN" hw="set" pos="VERB">set </w><w c5="TO0" hw="to" pos="PREP">to </w><w c5="VVI" hw="provide" pos="VERB">provide </w><w c5="AT0" hw="the" pos="ART">the </w><w c5="NN1" hw="ammunition" pos="SUBST">ammunition </w><w c5="PRP" hw="for" pos="PREP">for </w><w c5="AT0" hw="a" pos="ART">a </w><w c5="AJ0" hw="fiery" pos="ADJ">fiery </w><w c5="AJ0-NN1" hw="public" pos="ADJ">public </w><w c5="NN1-VVG" hw="meeting" pos="SUBST">meeting </w><w c5="AV0" hw="tonight" pos="ADV">tonight</w><c c5="PUN">.</c></s></p><p>
<s n="21"><w c5="NN2" hw="complaint" pos="SUBST">Complaints </w><w c5="PRP" hw="about" pos="PREP">about </w><w c5="AT0" hw="the" pos="ART">the </w><w c5="NP0" hw="middlesbrough" pos="SUBST">Middlesbrough </w><w c5="NN1" hw="mosque" pos="SUBST">mosque </w><w c5="CJC" hw="and" pos="CONJ">and </w><w c5="NN2" hw="procedure" pos="SUBST">procedures </w><w c5="PRP" hw="for" pos="PREP">for </w><w c5="NN2" hw="funeral" pos="SUBST">funerals </w><w c5="VVN-VVD" hw="hold" pos="VERB">held </w><w c5="AV0" hw="there" pos="ADV">there </w><w c5="VHB" hw="have" pos="VERB">have </w><w c5="VBN" hw="be" pos="VERB">been </w><w c5="VVN" hw="dismiss" pos="VERB">dismissed </w><w c5="PRP" hw="as" pos="PREP">as </w><w c5="AT0" hw="a" pos="ART">a </w><c c5="PUQ">‘</c><w c5="AJ0" hw="complete" pos="ADJ">complete </w><w c5="NN1" hw="misunderstanding" pos="SUBST">misunderstanding</w><c c5="PUQ">’ </c><w c5="PRP" hw="by" pos="PREP">by </w><w c5="AJ0" hw="muslim" pos="ADJ">Muslim </w><w c5="NN1" hw="community" pos="SUBST">community </w><w c5="NN2" hw="leader" pos="SUBST">leaders</w><c c5="PUN">.</c></s></p><p>
<s n="22"><w c5="CJC" hw="but" pos="CONJ">But </w><w c5="NN2" hw="resident" pos="SUBST">residents </w><w c5="VVD" hw="claim" pos="VERB">claimed </w><w c5="PNP" hw="they" pos="PRON">they </w><w c5="VBD" hw="be" pos="VERB">were </w><c c5="PUQ">‘</c><w c5="AJ0" hw="horrified" pos="ADJ">horrified</w><c c5="PUQ">’ </c><w c5="PRP" hw="by" pos="PREP">by </w><w c5="AT0" hw="the" pos="ART">the </w><w c5="NN2" hw="plan" pos="SUBST">plans </w><w c5="PRP" hw="for" pos="PREP">for </w><w c5="AT0" hw="the" pos="ART">the </w><w c5="NN1" hw="building" pos="SUBST">building </w><w c5="CJC" hw="and" pos="CONJ">and </w><w c5="VVD-VVN" hw="promise" pos="VERB">promised </w><w c5="TO0" hw="to" pos="PREP">to </w><w c5="VVI" hw="voice" pos="VERB">voice </w><w c5="DPS" hw="they" pos="PRON">their </w><w c5="NN2" hw="fear" pos="SUBST">fears </w><w c5="PRP" hw="at" pos="PREP">at </w><w c5="AV0" hw="tonight" pos="ADV">tonight</w><w c5="POS" hw="'s" pos="UNC">'s </w><w c5="NN1" hw="meeting" pos="SUBST">meeting</w><c c5="PUN">.</c></s></p><p>
<s n="23"><w c5="NN0" hw="people" pos="SUBST">People </w><w c5="VVG" hw="live" pos="VERB">living </w><w c5="PRP" hw="near" pos="PREP">near </w><w c5="AT0" hw="the" pos="ART">the </w><w c5="NN1" hw="mosque" pos="SUBST">mosque </w><w c5="PRP" hw="at" pos="PREP">at </w><w c5="AT0" hw="the" pos="ART">the </w><w c5="NN1" hw="junction" pos="SUBST">junction </w><w c5="PRF" hw="of" pos="PREP">of </w><w c5="NP0" hw="princes" pos="SUBST">Princes </w><w c5="NP0" hw="road" pos="SUBST">Road </w><w c5="CJC" hw="and" pos="CONJ">and </w><w c5="NP0" hw="bow" pos="SUBST">Bow </w><w c5="NP0" hw="street" pos="SUBST">Street </w><w c5="VVB" hw="say" pos="VERB">say </w><w c5="PNP" hw="they" pos="PRON">they </w><w c5="VHB" hw="have" pos="VERB">have </w><w c5="VBN" hw="be" pos="VERB">been </w><w c5="VVN" hw="keep" pos="VERB">kept </w><w c5="PRP" hw="in" pos="PREP">in </w><w c5="AT0" hw="the" pos="ART">the </w><w c5="NN1" hw="dark" pos="SUBST">dark </w><w c5="PRP" hw="about" pos="PREP">about </w><w c5="AT0" hw="the" pos="ART">the </w><w c5="NN2" hw="reason" pos="SUBST">reasons </w><w c5="PRP" hw="for" pos="PREP">for </w><w c5="AJ0" hw="recent" pos="ADJ">recent </w><w c5="NN1" hw="building" pos="SUBST">building </w><w c5="NN1" hw="work" pos="SUBST">work</w><c c5="PUN">.</c></s></p><p>
<s n="24"><w c5="NN1" hw="spokeswoman" pos="SUBST">Spokeswoman </w><w c5="NP0" hw="lesley" pos="SUBST">Lesley </w><w c5="NP0" hw="austin" pos="SUBST">Austin</w><c c5="PUN">, </c><w c5="PNQ" hw="who" pos="PRON">who </w><w c5="VVZ" hw="live" pos="VERB">lives </w><w c5="PRP" hw="on" pos="PREP">on </w><w c5="NP0" hw="bow" pos="SUBST">Bow </w><w c5="NP0" hw="street" pos="SUBST">Street</w><c c5="PUN">, </c><w c5="VVD" hw="say" pos="VERB">said</w><c c5="PUN">: </c><c c5="PUQ">‘</c><w c5="PNP" hw="we" pos="PRON">We </w><w c5="VVB" hw="know" pos="VERB">know </w><w c5="EX0" hw="there" pos="PRON">there </w><w c5="VBZ" hw="be" pos="VERB">is </w><w c5="TO0" hw="to" pos="PREP">to </w><w c5="VBI" hw="be" pos="VERB">be </w><w c5="AT0" hw="a" pos="ART">a </w><w c5="NN1" hw="washroom" pos="SUBST">washroom </w><w c5="PRP" hw="at" pos="PREP">at </w><w c5="AT0" hw="the" pos="ART">the </w><w c5="NN1" hw="rear" pos="SUBST">rear </w><w c5="PRF" hw="of" pos="PREP">of </w><w c5="AT0" hw="the" pos="ART">the </w><w c5="NN1" hw="building" pos="SUBST">building</w><c c5="PUN">.</c></s>
<s n="25"><w c5="PNP" hw="we" pos="PRON">We </w><w c5="VBB" hw="be" pos="VERB">are </w><w c5="AJ0" hw="worried" pos="ADJ">worried </w><w c5="PRP" hw="at" pos="PREP">at </w><w c5="AT0" hw="the" pos="ART">the </w><w c5="AJ0" hw="emotional" pos="ADJ">emotional </w><w c5="NN1" hw="impact" pos="SUBST">impact </w><w c5="PRP" hw="on" pos="PREP">on </w><w c5="AT0" hw="the" pos="ART">the </w><w c5="NN2" hw="child" pos="SUBST">children </w><w c5="CJS" hw="if" pos="CONJ">if </w><w c5="NN2" hw="body" pos="SUBST">bodies </w><w c5="VBB" hw="be" pos="VERB">are </w><w c5="VVG" hw="come" pos="VERB">coming </w><w c5="CJC" hw="and" pos="CONJ">and </w><w c5="VVG" hw="go" pos="VERB">going </w><w c5="PRP" hw="into" pos="PREP">into </w><w c5="AT0" hw="the" pos="ART">the </w><w c5="NN1" hw="church" pos="SUBST">church </w><w c5="TO0" hw="to" pos="PREP">to </w><w c5="VBI" hw="be" pos="VERB">be </w><w c5="VVN" hw="wash" pos="VERB">washed</w><c c5="PUN">.</c></s></p><p>
<s n="26"><c c5="PUQ">‘</c><w c5="PNP" hw="we" pos="PRON">We </w><w c5="VBB" hw="be" pos="VERB">are </w><w c5="AV0" hw="also" pos="ADV">also </w><w c5="AJ0" hw="concerned" pos="ADJ">concerned </w><w c5="PRP" hw="about" pos="PREP">about </w><w c5="AT0" hw="the" pos="ART">the </w><w c5="AJ0" hw="possible" pos="ADJ">possible </w><w c5="NN1" hw="health" pos="SUBST">health </w><w c5="NN2" hw="risk" pos="SUBST">risks </w><w c5="CJC" hw="and" pos="CONJ">and </w><w c5="AT0" hw="the" pos="ART">the </w><w c5="AJ0" hw="possible" pos="ADJ">possible </w><w c5="NN1" hw="depreciation" pos="SUBST">depreciation </w><w c5="PRF" hw="of" pos="PREP">of </w><w c5="NN1" hw="house" pos="SUBST">house </w><w c5="NN2" hw="price" pos="SUBST">prices</w><c c5="PUN">.</c><c c5="PUQ">’</c></s></p><p>
<s n="27"><w c5="NP0" hw="mrs" pos="SUBST">Mrs </w><w c5="NP0" hw="austin" pos="SUBST">Austin </w><w c5="VVD" hw="claim" pos="VERB">claimed </w><w c5="CRD" hw="1,000" pos="ADJ">1,000 </w><w c5="NN0" hw="people" pos="SUBST">people </w><w c5="VHD" hw="have" pos="VERB">had </w><w c5="VVN" hw="sign" pos="VERB">signed </w><w c5="AT0" hw="a" pos="ART">a </w><w c5="NN1" hw="petition" pos="SUBST">petition </w><w c5="VVG" hw="oppose" pos="VERB">opposing </w><w c5="AT0" hw="the" pos="ART">the </w><w c5="AJ0" hw="new" pos="ADJ">new </w><w c5="NN1" hw="building" pos="SUBST">building </w><w c5="NN1" hw="work" pos="SUBST">work </w><w c5="CJC" hw="and" pos="CONJ">and </w><w c5="VVD" hw="promise" pos="VERB">promised </w><w c5="AT0" hw="a" pos="ART">a </w><w c5="AJ0" hw="fiery" pos="ADJ">fiery </w><w c5="NN1" hw="meeting" pos="SUBST">meeting </w><w c5="AV0" hw="tonight" pos="ADV">tonight</w><c c5="PUN">.</c></s></p><p>
<s n="28"><w c5="CJC" hw="but" pos="CONJ">But </w><w c5="NP0" hw="dr" pos="SUBST">Dr </w><w c5="NP0" hw="hanif" pos="SUBST">Hanif </w><w c5="NP0" hw="mohammed" pos="SUBST">Mohammed </w><w c5="VVD" hw="say" pos="VERB">said </w><w c5="NN2" hw="resident" pos="SUBST">residents </w><w c5="VHD" hw="have" pos="VERB">had </w><w c5="VVN" hw="get" pos="VERB">got </w><w c5="AT0" hw="the" pos="ART">the </w><w c5="AJ0" hw="wrong" pos="ADJ">wrong </w><w c5="NN1" hw="idea" pos="SUBST">idea</w><c c5="PUN">.</c></s></p><p>
<s n="29"><c c5="PUQ">‘</c><w c5="PNP" hw="we" pos="PRON">We </w><w c5="VBB" hw="be" pos="VERB">are </w><w c5="AV0" hw="just" pos="ADV">just </w><w c5="VVG" hw="improve" pos="VERB">improving </w><w c5="DPS" hw="we" pos="PRON">our </w><w c5="NN1" hw="place" pos="SUBST">place </w><w c5="PRF" hw="of" pos="PREP">of </w><w c5="NN1" hw="worship" pos="SUBST">worship </w><w c5="CJC" hw="and" pos="CONJ">and </w><w c5="VVG" hw="upgrade" pos="VERB">upgrading </w><w c5="DPS" hw="it" pos="PRON">its </w><w c5="NN2" hw="facility" pos="SUBST">facilities</w><c c5="PUN">,</c><c c5="PUQ">’ </c><w c5="PNP" hw="he" pos="PRON">he </w><w c5="VVD" hw="say" pos="VERB">said</w><c c5="PUN">.</c></s></p><p>
<s n="30"><c c5="PUQ">‘</c><w c5="CJS" hw="when" pos="CONJ">When </w><w c5="EX0" hw="there" pos="PRON">there </w><w c5="VBZ" hw="be" pos="VERB">is </w><w c5="AT0" hw="a" pos="ART">a </w><w c5="NN1" hw="funeral" pos="SUBST">funeral</w><c c5="PUN">, </c><w c5="AT0" hw="the" pos="ART">the </w><w c5="NN1" hw="body" pos="SUBST">body </w><w c5="VBZ" hw="be" pos="VERB">is </w><w c5="VVN" hw="wash" pos="VERB">washed </w><w c5="AV0" hw="symbolically" pos="ADV">symbolically </w><w c5="PRP" hw="as" pos="PREP">as </w><w c5="NN1" hw="part" pos="SUBST">part </w><w c5="PRF" hw="of" pos="PREP">of </w><w c5="AT0" hw="the" pos="ART">the </w><w c5="NN1" hw="service" pos="SUBST">service</w><c c5="PUN">.</c><c c5="PUQ">’</c></s></p><p>
<s n="31"><w c5="NP0" hw="dr" pos="SUBST">Dr </w><w c5="NP0" hw="mohammed" pos="SUBST">Mohammed </w><w c5="VVD" hw="say" pos="VERB">said </w><w c5="DT0" hw="this" pos="ADJ">this </w><w c5="VM0" hw="might" pos="VERB">might </w><w c5="VVI" hw="happen" pos="VERB">happen </w><w c5="AT0" hw="no" pos="ART">no </w><mw c5="AV0"><w c5="AV0" hw="more" pos="ADV">more </w><w c5="CJS" hw="than" pos="CONJ">than </w></mw><w c5="AV0" hw="once" pos="ADV">once </w><w c5="CJC" hw="or" pos="CONJ">or </w><w c5="AV0" hw="twice" pos="ADV">twice </w><w c5="AT0" hw="every" pos="ART">every </w><w c5="NN1" hw="year" pos="SUBST">year </w><w c5="VVG" hw="depend" pos="VERB">depending </w><w c5="AVQ" hw="how" pos="ADV">how </w><w c5="AV0" hw="often" pos="ADV">often </w><w c5="NN0" hw="people" pos="SUBST">people </w><w c5="VVD" hw="die" pos="VERB">died</w><c c5="PUN">.</c></s></p><p>
<s n="32"><w c5="AT0" hw="the" pos="ART">The </w><w c5="NN1" hw="mosque" pos="SUBST">mosque </w><w c5="VVZ" hw="serve" pos="VERB">serves </w><w c5="AT0" hw="the" pos="ART">the </w><w c5="AJ0" hw="muslim" pos="ADJ">Muslim </w><w c5="NN1" hw="community" pos="SUBST">community </w><w c5="PRP" hw="to" pos="PREP">to </w><w c5="AT0" hw="the" pos="ART">the </w><w c5="NN1" hw="west" pos="SUBST">west </w><w c5="PRF" hw="of" pos="PREP">of </w><w c5="NP0" hw="linthorpe" pos="SUBST">Linthorpe </w><w c5="NP0" hw="road" pos="SUBST">Road</w><c c5="PUN">, </c><w c5="NP0" hw="middlesbrough" pos="SUBST">Middlesbrough</w><c c5="PUN">.</c></s></p><p>
<s n="33"><w c5="NP0" hw="mrs" pos="SUBST">Mrs </w><w c5="NP0" hw="austin" pos="SUBST">Austin </w><w c5="VVD" hw="accuse" pos="VERB">accused </w><w c5="NP0" hw="middlesbrough" pos="SUBST">Middlesbrough </w><w c5="NN1" hw="council" pos="SUBST">Council </w><w c5="PRF" hw="of" pos="PREP">of </w><w c5="VVG" hw="behave" pos="VERB">behaving </w><w c5="PRP-AVP" hw="in" pos="PREP">in </w><w c5="AT0" hw="an" pos="ART">an </w><c c5="PUQ">‘</c><w c5="AJ0" hw="underhand" pos="ADJ">underhand</w><c c5="PUQ">’ </c><w c5="NN1" hw="manner" pos="SUBST">manner </w><w c5="CJC" hw="and" pos="CONJ">and </w><w c5="VVD" hw="say" pos="VERB">said </w><w c5="NN2" hw="resident" pos="SUBST">residents </w><w c5="VM0" hw="should" pos="VERB">should </w><w c5="VHI" hw="have" pos="VERB">have </w><w c5="VBN" hw="be" pos="VERB">been </w><w c5="VVN" hw="consult" pos="VERB">consulted</w><c c5="PUN">.</c></s></p><p>
<s n="34"><c c5="PUQ">‘</c><w c5="PNP" hw="we" pos="PRON">We </w><w c5="VHB" hw="have" pos="VERB">have </w><w c5="VBN" hw="be" pos="VERB">been </w><w c5="AVP" hw="down" pos="ADV">down </w><w c5="TO0" hw="to" pos="PREP">to </w><w c5="VVI" hw="see" pos="VERB">see </w><w c5="AT0" hw="the" pos="ART">the </w><w c5="NN2" hw="plan" pos="SUBST">plans </w><w c5="CJC" hw="and" pos="CONJ">and </w><w c5="VBD" hw="be" pos="VERB">were </w><w c5="VVN" hw="tell" pos="VERB">told </w><w c5="PNP" hw="we" pos="PRON">we </w><w c5="VBD" hw="be" pos="VERB">were </w><w c5="XX0" hw="not" pos="ADV">not </w><w c5="VVN" hw="consult" pos="VERB">consulted </w><w c5="CJS" hw="because" pos="CONJ">because </w><w c5="PNP" hw="we" pos="PRON">we </w><w c5="VBD" hw="be" pos="VERB">were </w><w c5="XX0" hw="not" pos="ADV">not </w><w c5="VVN" hw="affect" pos="VERB">affected</w><c c5="PUN">,</c><c c5="PUQ">’ </c><w c5="PNP" hw="she" pos="PRON">she </w><w c5="VVD" hw="add" pos="VERB">added</w><c c5="PUN">.</c></s>
<s n="35"><c c5="PUQ">‘</c><w c5="CJS" hw="if" pos="CONJ">If </w><w c5="NN2" hw="body" pos="SUBST">bodies </w><w c5="VBB" hw="be" pos="VERB">are </w><w c5="VBG" hw="be" pos="VERB">being </w><w c5="VVN" hw="unload" pos="VERB">unloaded </w><w c5="PRP" hw="outside" pos="PREP">outside </w><w c5="DPS" hw="you" pos="PRON">your </w><w c5="NN1" hw="house" pos="SUBST">house</w><c c5="PUN">, </c><w c5="AV0" hw="then" pos="ADV">then </w><w c5="PNP" hw="you" pos="PRON">you </w><w c5="VBB" hw="be" pos="VERB">are </w><w c5="VVN" hw="affect" pos="VERB">affected</w><c c5="PUN">.</c><c c5="PUQ">’</c></s></p><p>
<s n="36"><w c5="NP0" hw="mrs" pos="SUBST">Mrs </w><w c5="NP0" hw="austin" pos="SUBST">Austin </w><w c5="VVD" hw="say" pos="VERB">said </w><w c5="EX0" hw="there" pos="PRON">there </w><w c5="VBD" hw="be" pos="VERB">were </w><w c5="NN1" hw="health" pos="SUBST">health </w><w c5="NN2" hw="worry" pos="SUBST">worries </w><w c5="CJS" hw="if" pos="CONJ">if </w><w c5="NN2" hw="body" pos="SUBST">bodies </w><w c5="VBD" hw="be" pos="VERB">were </w><w c5="VVN-AJ0" hw="store" pos="VERB">stored </w><w c5="AV0" hw="overnight" pos="ADV">overnight </w><w c5="CJC" hw="but" pos="CONJ">but </w><w c5="NP0" hw="dr" pos="SUBST">Dr </w><w c5="NP0" hw="mohammed" pos="SUBST">Mohammed </w><w c5="VVD" hw="stress" pos="VERB">stressed </w><w c5="CJT" hw="that" pos="CONJ">that </w><w c5="DT0" hw="this" pos="ADJ">this </w><w c5="VM0" hw="would" pos="VERB">would </w><w c5="XX0" hw="not" pos="ADV">not </w><w c5="VVI" hw="happen" pos="VERB">happen</w><c c5="PUN">.</c></s></p><p>
<s n="37"><c c5="PUQ">‘</c><w c5="PRP" hw="in" pos="PREP">In </w><w c5="AT0" hw="the" pos="ART">the </w><w c5="AJ0" hw="muslim" pos="ADJ">Muslim </w><w c5="NN1" hw="faith" pos="SUBST">faith</w><c c5="PUN">, </c><w c5="PNP" hw="we" pos="PRON">we </w><w c5="VVB" hw="bury" pos="VERB">bury </w><w c5="DPS" hw="we" pos="PRON">our </w><w c5="AJ0" hw="dead" pos="ADJ">dead </w><w c5="AV0" hw="as" pos="ADV">as </w><w c5="AV0" hw="quickly" pos="ADV">quickly </w><w c5="CJS" hw="as" pos="CONJ">as </w><w c5="AJ0" hw="possible" pos="ADJ">possible</w><c c5="PUN">,</c><c c5="PUQ">’ </c><w c5="PNP" hw="he" pos="PRON">he </w><w c5="VVD" hw="say" pos="VERB">said</w><c c5="PUN">.</c></s>
<s n="38"><c c5="PUQ">‘</c><w c5="AT0" hw="no" pos="ART">No </w><w c5="NN2" hw="body" pos="SUBST">bodies </w><w c5="VM0" hw="will" pos="VERB">will </w><w c5="VBI" hw="be" pos="VERB">be </w><w c5="VVN" hw="keep" pos="VERB">kept </w><w c5="AV0" hw="here" pos="ADV">here </w><w c5="AV0" hw="overnight" pos="ADV">overnight</w><c c5="PUN">.</c></s></p><p>
<s n="39"><c c5="PUQ">‘</c><w c5="PNP" hw="they" pos="PRON">They </w><w c5="VM0" hw="will" pos="VERB">will </w><w c5="VBI" hw="be" pos="VERB">be </w><w c5="VVN" hw="prepare" pos="VERB">prepared </w><w c5="PRP" hw="by" pos="PREP">by </w><w c5="AT0" hw="the" pos="ART">the </w><w c5="NN1" hw="undertaker" pos="SUBST">undertaker</w><c c5="PUN">, </c><w c5="VVN-VVD" hw="bring" pos="VERB">brought </w><w c5="PRP" hw="to" pos="PREP">to </w><w c5="AT0" hw="the" pos="ART">the </w><w c5="NN1" hw="mosque" pos="SUBST">mosque</w><c c5="PUN">, </c><w c5="AV0" hw="ceremonially" pos="ADV">ceremonially </w><w c5="VVN" hw="wash" pos="VERB">washed </w><w c5="PRP" hw="during" pos="PREP">during </w><w c5="AT0" hw="the" pos="ART">the </w><w c5="NN1" hw="service" pos="SUBST">service </w><w c5="CJC" hw="and" pos="CONJ">and </w><w c5="AV0" hw="then" pos="ADV">then </w><w c5="VVN" hw="take" pos="VERB">taken </w><w c5="AV0" hw="away" pos="ADV">away </w><w c5="AV0" hw="immediately" pos="ADV">immediately </w><w c5="AV0" hw="afterwards" pos="ADV">afterwards</w><c c5="PUN">.</c><c c5="PUQ">’</c></s></p><p>
<s n="40"><w c5="CJC" hw="but" pos="CONJ">But </w><w c5="NP0" hw="mrs" pos="SUBST">Mrs </w><w c5="NP0" hw="austin" pos="SUBST">Austin </w><w c5="VBD" hw="be" pos="VERB">was </w><w c5="AJ0" hw="unconvinced" pos="ADJ">unconvinced</w><c c5="PUN">.</c></s>
<s n="41"><c c5="PUQ">‘</c><w c5="PNP" hw="we" pos="PRON">We </w><w c5="VHB" hw="have" pos="VERB">have </w><w c5="AJ0" hw="massive" pos="ADJ">massive </w><w c5="AJ0-NN1" hw="public" pos="ADJ">public </w><w c5="NN1-VVB" hw="support" pos="SUBST">support</w><c c5="PUN">,</c><c c5="PUQ">’ </c><w c5="PNP" hw="she" pos="PRON">she </w><w c5="VVD" hw="say" pos="VERB">said</w><c c5="PUN">.</c></s>
<s n="42"><c c5="PUQ">‘</c><w c5="NN0" hw="people" pos="SUBST">People </w><w c5="VBB" hw="be" pos="VERB">are </w><w c5="AJ0" hw="horrified" pos="ADJ">horrified </w><w c5="DT0" hw="this" pos="ADJ">this </w><w c5="VM0" hw="can" pos="VERB">can </w><w c5="VVI" hw="happen" pos="VERB">happen </w><w c5="PRP" hw="without" pos="PREP">without </w><w c5="VVG" hw="let" pos="VERB">letting </w><w c5="PNI" hw="anyone" pos="PRON">anyone </w><w c5="VVI" hw="know" pos="VERB">know</w><c c5="PUN">.</c><c c5="PUQ">’</c></s></p><p>
<s n="43"><w c5="NP0" hw="middlesbrough" pos="SUBST">Middlesbrough </w><w c5="NN1" hw="council" pos="SUBST">Council </w><w c5="NN1" hw="spokesman" pos="SUBST">spokesman </w><w c5="NP0" hw="doug" pos="SUBST">Doug </w><w c5="NP0" hw="allan" pos="SUBST">Allan </w><w c5="VVD" hw="say" pos="VERB">said </w><w c5="EX0" hw="there" pos="PRON">there </w><w c5="VBD" hw="be" pos="VERB">was </w><w c5="AT0" hw="no" pos="ART">no </w><w c5="NN1" hw="need" pos="SUBST">need </w><w c5="TO0" hw="to" pos="PREP">to </w><w c5="VVI" hw="consult" pos="VERB">consult </w><w c5="NN2" hw="resident" pos="SUBST">residents </w><w c5="PRP" hw="over" pos="PREP">over </w><w c5="AT0" hw="the" pos="ART">the </w><w c5="NN1" hw="planning" pos="SUBST">planning </w><w c5="NN2" hw="application" pos="SUBST">applications </w><w c5="CJS" hw="because" pos="CONJ">because </w><w c5="PNP" hw="they" pos="PRON">they </w><w c5="VVD" hw="involve" pos="VERB">involved </w><w c5="AT0" hw="no" pos="ART">no </w><w c5="NN1" hw="change" pos="SUBST">change </w><w c5="PRF" hw="of" pos="PREP">of </w><w c5="NN1" hw="use" pos="SUBST">use</w><c c5="PUN">.</c></s></p><p>
<s n="44"><w c5="NN1" hw="approval" pos="SUBST">Approval </w><w c5="PRP" hw="for" pos="PREP">for </w><w c5="AT0" hw="the" pos="ART">the </w><w c5="AJ0" hw="new" pos="ADJ">new </w><w c5="NN2" hw="building" pos="SUBST">buildings </w><w c5="VBD" hw="be" pos="VERB">was </w><w c5="VVN" hw="give" pos="VERB">given </w><w c5="PRP" hw="in" pos="PREP">in </w><w c5="NP0" hw="july" pos="SUBST">July</w><c c5="PUN">, </c><w c5="CRD" hw="1990" pos="ADJ">1990 </w><w c5="CJC" hw="and" pos="CONJ">and </w><w c5="NP0" hw="march" pos="SUBST">March </w><w c5="ORD" hw="last" pos="ADJ">last </w><w c5="NN1" hw="year" pos="SUBST">year</w><c c5="PUN">.</c></s></p><p>
<s n="45"><w c5="NP0" hw="mr" pos="SUBST">Mr </w><w c5="NP0" hw="allan" pos="SUBST">Allan </w><w c5="VVD" hw="deny" pos="VERB">denied </w><w c5="AT0" hw="the" pos="ART">the </w><w c5="NN1" hw="council" pos="SUBST">council </w><w c5="VHD" hw="have" pos="VERB">had </w><w c5="VBN" hw="be" pos="VERB">been </w><w c5="AJ0" hw="obstructive" pos="ADJ">obstructive </w><w c5="CJC" hw="and" pos="CONJ">and </w><w c5="VVD" hw="say" pos="VERB">said </w><w c5="DT0" hw="several" pos="ADJ">several </w><w c5="NN2" hw="resident" pos="SUBST">residents </w><w c5="PNQ" hw="who" pos="PRON">who </w><w c5="VHD" hw="have" pos="VERB">had </w><w c5="VVN" hw="visit" pos="VERB">visited </w><w c5="AT0" hw="the" pos="ART">the </w><w c5="NN1" hw="authority" pos="SUBST">authority </w><w c5="VHD" hw="have" pos="VERB">had </w><w c5="VBN" hw="be" pos="VERB">been </w><w c5="VVN" hw="show" pos="VERB">shown </w><w c5="AT0" hw="the" pos="ART">the </w><w c5="NN2" hw="plan" pos="SUBST">plans</w><c c5="PUN">.</c></s></p><p>
<s n="46"><w c5="CJC" hw="but" pos="CONJ">But </w><w c5="PNP" hw="he" pos="PRON">he </w><w c5="VVD" hw="say" pos="VERB">said </w><w c5="AJ0" hw="elected" pos="ADJ">elected </w><w c5="NN2" hw="representative" pos="SUBST">representatives </w><w c5="VM0" hw="would" pos="VERB">would </w><w c5="VVI" hw="attend" pos="VERB">attend </w><w c5="AT0" hw="the" pos="ART">the </w><w c5="NN1" hw="meting" pos="SUBST">meting </w><w c5="TO0" hw="to" pos="PREP">to </w><w c5="VVI" hw="explain" pos="VERB">explain </w><w c5="AT0" hw="the" pos="ART">the </w><w c5="NN1" hw="council" pos="SUBST">council</w><w c5="POS" hw="'s" pos="UNC">'s </w><w c5="NN1" hw="position" pos="SUBST">position</w><c c5="PUN">.</c></s></p><p>
<s n="47"><w c5="AT0" hw="the" pos="ART">The </w><w c5="NN1" hw="meeting" pos="SUBST">meeting </w><w c5="VVZ" hw="start" pos="VERB">starts </w><w c5="PRP" hw="at" pos="PREP">at </w><w c5="AV0" hw="7.45pm" pos="ADV">7.45pm </w><w c5="PRP" hw="in" pos="PREP">in </w><w c5="AT0" hw="the" pos="ART">The </w><w c5="NN1" hw="neighbourhood" pos="SUBST">Neighbourhood </w><w c5="NN1" hw="centre" pos="SUBST">Centre</w><c c5="PUN">, </c><w c5="NP0" hw="union" pos="SUBST">Union </w><w c5="NP0" hw="street" pos="SUBST">Street</w><c c5="PUN">.</c></s></p></div><div level="1"><p>
<s n="48"><w c5="NN0" hw="people" pos="SUBST">PEOPLE </w><w c5="VVG" hw="live" pos="VERB">living </w><w c5="PRP" hw="near" pos="PREP">near </w><w c5="AT0" hw="a" pos="ART">a </w><w c5="NP0" hw="middlesbrough" pos="SUBST">Middlesbrough </w><w c5="NN1" hw="mosque" pos="SUBST">mosque </w><w c5="VVB" hw="appear" pos="VERB">appear </w><w c5="TO0" hw="to" pos="PREP">to </w><w c5="VHI" hw="have" pos="VERB">have </w><w c5="VVN" hw="resolve" pos="VERB">resolved </w><w c5="AT0" hw="a" pos="ART">a </w><w c5="NN1" hw="dispute" pos="SUBST">dispute </w><w c5="PRP" hw="with" pos="PREP">with </w><w c5="AT0" hw="the" pos="ART">the </w><w c5="AJ0" hw="local" pos="ADJ">local </w><w c5="AJ0" hw="muslim" pos="ADJ">Muslim </w><w c5="NN1" hw="community" pos="SUBST">community</w><c c5="PUN">.</c></s></p><p>
<s n="49"><w c5="NN2" hw="resident" pos="SUBST">Residents </w><w c5="VBD" hw="be" pos="VERB">were </w><w c5="AJ0" hw="worried" pos="ADJ">worried </w><w c5="CJT" hw="that" pos="CONJ">that </w><w c5="NN2" hw="adaptation" pos="SUBST">adaptations </w><w c5="PRP" hw="to" pos="PREP">to </w><w c5="AT0" hw="the" pos="ART">the </w><w c5="NN1" hw="building" pos="SUBST">building </w><w c5="PRP" hw="at" pos="PREP">at </w><w c5="AT0" hw="the" pos="ART">the </w><w c5="NN1" hw="corner" pos="SUBST">corner </w><w c5="PRF" hw="of" pos="PREP">of </w><w c5="NP0" hw="bow" pos="SUBST">Bow </w><w c5="NP0" hw="street" pos="SUBST">Street </w><w c5="CJC" hw="and" pos="CONJ">and </w><w c5="NP0" hw="princes" pos="SUBST">Princes </w><w c5="NP0" hw="road" pos="SUBST">Road </w><w c5="VVD" hw="mean" pos="VERB">meant </w><w c5="PNP" hw="it" pos="PRON">it </w><w c5="VBD" hw="be" pos="VERB">was </w><w c5="TO0" hw="to" pos="PREP">to </w><w c5="VBI" hw="be" pos="VERB">be </w><w c5="VVN" hw="use" pos="VERB">used </w><w c5="PRP" hw="as" pos="PREP">as </w><w c5="AT0" hw="a" pos="ART">a </w><w c5="NN1" hw="morgue" pos="SUBST">morgue</w><c c5="PUN">.</c></s></p><p>
<s n="50"><w c5="PNP" hw="they" pos="PRON">They </w><w c5="VVD" hw="fear" pos="VERB">feared </w><w c5="NN2" hw="body" pos="SUBST">bodies </w><w c5="VM0" hw="would" pos="VERB">would </w><w c5="VBI" hw="be" pos="VERB">be </w><w c5="VVN" hw="shift" pos="VERB">shifted </w><w c5="AVP-PRP" hw="in" pos="ADV">in </w><w c5="CJC" hw="and" pos="CONJ">and </w><w c5="AVP" hw="out" pos="ADV">out </w><w c5="PRP" hw="in" pos="PREP">in </w><w c5="AJ0" hw="full" pos="ADJ">full </w><w c5="NN1" hw="view" pos="SUBST">view </w><w c5="PRF" hw="of" pos="PREP">of </w><w c5="AJ0" hw="young" pos="ADJ">young </w><w c5="NN2" hw="child" pos="SUBST">children </w><w c5="CJC" hw="and" pos="CONJ">and </w><w c5="VVD" hw="collect" pos="VERB">collected </w><w c5="AT0" hw="a" pos="ART">a </w><w c5="UNC" hw="1,000-signature" pos="UNC">1,000-signature </w><w c5="NN1-VVB" hw="petition" pos="SUBST">petition</w><c c5="PUN">.</c></s></p><p>
<s n="51"><w c5="CJC" hw="but" pos="CONJ">But</w><c c5="PUN">, </c><w c5="PRP" hw="after" pos="PREP">after </w><w c5="AT0" hw="a" pos="ART">a </w><w c5="AJ0" hw="public" pos="ADJ">public </w><w c5="NN1" hw="meeting" pos="SUBST">meeting</w><c c5="PUN">, </c><w c5="AT0" hw="the" pos="ART">the </w><w c5="AJ0" hw="muslim" pos="ADJ">Muslim </w><w c5="NN1" hw="community" pos="SUBST">community</w><w c5="POS" hw="'s" pos="UNC">'s </w><w c5="NN1" hw="spokesman" pos="SUBST">spokesman </w><w c5="NP0" hw="dr" pos="SUBST">Dr </w><w c5="NP0" hw="hanif" pos="SUBST">Hanif </w><w c5="NP0" hw="mohammed" pos="SUBST">Mohammed </w><w c5="VVD" hw="say" pos="VERB">said</w><c c5="PUN">: </c><c c5="PUQ">‘</c><w c5="AT0" hw="the" pos="ART">The </w><w c5="NN0" hw="people" pos="SUBST">people </w><w c5="AV0" hw="now" pos="ADV">now </w><w c5="VVB" hw="seem" pos="VERB">seem </w><w c5="TO0" hw="to" pos="PREP">to </w><w c5="VVI" hw="understand" pos="VERB">understand </w><w c5="AT0" hw="the" pos="ART">the </w><w c5="NN1" hw="washroom" pos="SUBST">washroom </w><w c5="PNP" hw="we" pos="PRON">we </w><w c5="VHB" hw="have" pos="VERB">have </w><w c5="VVN" hw="build" pos="VERB">built </w><w c5="VBZ" hw="be" pos="VERB">is </w><w c5="AV0" hw="just" pos="ADV">just </w><w c5="VVN" hw="use" pos="VERB">used </w><w c5="TO0" hw="to" pos="PREP">to </w><w c5="AV0" hw="symbolically" pos="ADV">symbolically </w><w c5="VVI" hw="wash" pos="VERB">wash </w><w c5="AT0" hw="the" pos="ART">the </w><w c5="NN2" hw="body" pos="SUBST">bodies</w><c c5="PUN">.</c></s>
<s n="52"><w c5="AT0" hw="the" pos="ART">The </w><w c5="NN2" hw="body" pos="SUBST">bodies </w><w c5="AV0" hw="maybe" pos="ADV">maybe </w><w c5="ITJ" hw="no" pos="INTERJ">no </w><mw c5="AV0"><w c5="AV0" hw="more" pos="ADV">more </w><w c5="CJS" hw="than" pos="CONJ">than </w></mw><w c5="CRD" hw="two" pos="ADJ">two </w><w c5="CJC" hw="or" pos="CONJ">or </w><w c5="CRD" hw="three" pos="ADJ">three </w><w c5="PRP" hw="per" pos="PREP">per </w><w c5="NN1" hw="year" pos="SUBST">year </w><w c5="VM0" hw="will" pos="VERB">will </w><w c5="VBI" hw="be" pos="VERB">be </w><w c5="VVN" hw="bring" pos="VERB">brought </w><w c5="PRP" hw="into" pos="PREP">into </w><w c5="AT0" hw="the" pos="ART">the </w><w c5="NN1" hw="mosque" pos="SUBST">mosque </w><w c5="CJC" hw="and" pos="CONJ">and </w><w c5="VVD" hw="remove" pos="VERB">removed </w><w c5="AV0" hw="immediately" pos="ADV">immediately </w><w c5="PRP-CJS" hw="after" pos="PREP">after </w><w c5="AT0" hw="the" pos="ART">the </w><w c5="NN1" hw="funeral" pos="SUBST">funeral </w><w c5="NN1" hw="service" pos="SUBST">service</w><c c5="PUN">.</c><c c5="PUQ">’</c></s></p></div><div level="1"><head>
<s n="53"><w c5="NN1" hw="driver" pos="SUBST">Driver </w><w c5="VVD" hw="flee" pos="VERB">fled </w><w c5="PRP" hw="after" pos="PREP">after </w><w c5="VVG" hw="cause" pos="VERB">causing </w><w c5="NN1" hw="crash" pos="SUBST">crash</w></s></head><p>
<s n="54"><w c5="AT0" hw="a" pos="ART">A </w><w c5="NN1" hw="forester" pos="SUBST">FORESTER </w><w c5="VVD" hw="drive" pos="VERB">drove </w><w c5="AT0" hw="the" pos="ART">the </w><w c5="AJ0" hw="wrong" pos="ADJ">wrong </w><w c5="NN1" hw="way" pos="SUBST">way </w><w c5="PRP-AVP" hw="along" pos="PREP">along </w><w c5="AT0" hw="a" pos="ART">a </w><w c5="AJ0" hw="dual" pos="ADJ">dual </w><w c5="NN1" hw="carriageway" pos="SUBST">carriageway </w><w c5="TO0" hw="to" pos="PREP">to </w><w c5="VVI" hw="escape" pos="VERB">escape </w><w c5="NN2" hw="police" pos="SUBST">police </w><w c5="PRP" hw="after" pos="PREP">after </w><w c5="VVG" hw="hit" pos="VERB">hitting </w><w c5="DT0" hw="another" pos="ADJ">another </w><w c5="NN1" hw="car" pos="SUBST">car</w><c c5="PUN">, </c><w c5="NP0" hw="thirsk" pos="SUBST">Thirsk </w><w c5="NN2" hw="magistrate" pos="SUBST">magistrates </w><w c5="VVD" hw="hear" pos="VERB">heard </w><w c5="AV0" hw="yesterday" pos="ADV">yesterday</w><c c5="PUN">.</c></s></p><p>
<s n="55"><w c5="NP0" hw="christopher" pos="SUBST">Christopher </w><w c5="NP0" hw="todd" pos="SUBST">Todd</w><c c5="PUN">, </c><w c5="CRD" hw="19" pos="ADJ">19</w><c c5="PUN">, </c><w c5="PRF" hw="of" pos="PREP">of </w><w c5="NP0-NN1" hw="boltby" pos="SUBST">Boltby</w><c c5="PUN">, </c><w c5="PRP" hw="near" pos="PREP">near </w><w c5="NP0" hw="thirsk" pos="SUBST">Thirsk</w><c c5="PUN">, </c><w c5="VVD" hw="drive" pos="VERB">drove </w><w c5="DPS" hw="he" pos="PRON">his </w><w c5="NN1-NP0" hw="land" pos="SUBST">Land </w><w c5="NN1-NP0" hw="rover" pos="SUBST">Rover </w><w c5="PRP" hw="into" pos="PREP">into </w><w c5="AT0" hw="the" pos="ART">the </w><w c5="NN1" hw="path" pos="SUBST">path </w><w c5="PRF" hw="of" pos="PREP">of </w><w c5="AT0" hw="a" pos="ART">a </w><w c5="NN1" hw="car" pos="SUBST">car </w><w c5="PRP" hw="on" pos="PREP">on </w><w c5="AT0" hw="the" pos="ART">the </w><w c5="UNC" hw="a168" pos="UNC">A168 </w><w c5="PRP" hw="near" pos="PREP">near </w><w c5="NP0" hw="thirsk" pos="SUBST">Thirsk</w><c c5="PUN">, </c><w c5="VVG" hw="injure" pos="VERB">injuring </w><w c5="CRD" hw="two" pos="ADJ">two </w><w c5="NN0" hw="people" pos="SUBST">people</w><c c5="PUN">.</c></s>
<s n="56"><w c5="AV0" hw="then" pos="ADV">Then </w><w c5="PNP" hw="he" pos="PRON">he </w><w c5="VVD" hw="drive" pos="VERB">drove </w><w c5="AVP" hw="off" pos="ADV">off</w><c c5="PUN">, </c><w c5="AT0" hw="the" pos="ART">the </w><w c5="AJ0" hw="wrong" pos="ADJ">wrong </w><w c5="NN1" hw="way" pos="SUBST">way </w><w c5="PRP-AVP" hw="down" pos="PREP">down </w><w c5="AT0" hw="the" pos="ART">the </w><w c5="AJ0" hw="dual" pos="ADJ">dual </w><w c5="NN1" hw="carriageway" pos="SUBST">carriageway</w><c c5="PUN">, </c><w c5="VVD" hw="say" pos="VERB">said </w><w c5="NP0" hw="jane" pos="SUBST">Jane </w><w c5="NP0" hw="cockburn" pos="SUBST">Cockburn</w><c c5="PUN">, </c><w c5="VVG" hw="prosecute" pos="VERB">prosecuting</w><c c5="PUN">.</c></s></p><p>
<s n="57"><w c5="NN1" hw="blood" pos="SUBST">Blood </w><w c5="NN2" hw="test" pos="SUBST">tests </w><w c5="VVD" hw="reveal" pos="VERB">revealed </w><w c5="PNP" hw="he" pos="PRON">he </w><w c5="VBD" hw="be" pos="VERB">was </w><w c5="AV0" hw="almost" pos="ADV">almost </w><w c5="AV0" hw="twice" pos="ADV">twice </w><w c5="AT0" hw="the" pos="ART">the </w><w c5="AJ0" hw="legal" pos="ADJ">legal </w><w c5="NN1" hw="alcohol" pos="SUBST">alcohol </w><w c5="NN1-VVB" hw="limit" pos="SUBST">limit</w><c c5="PUN">.</c></s>
<s n="58"><w c5="NP0" hw="todd" pos="SUBST">Todd </w><w c5="AV0" hw="yesterday" pos="ADV">yesterday </w><w c5="VVD" hw="admit" pos="VERB">admitted </w><w c5="VVG-AJ0" hw="drive" pos="VERB">driving </w><w c5="PRP" hw="with" pos="PREP">with </w><w c5="AJ0" hw="excess" pos="ADJ">excess </w><w c5="NN1" hw="alcohol" pos="SUBST">alcohol </w><w c5="CJC" hw="and" pos="CONJ">and </w><w c5="VVG" hw="fail" pos="VERB">failing </w><w c5="TO0" hw="to" pos="PREP">to </w><w c5="VVI" hw="stop" pos="VERB">stop </w><w c5="CJC" hw="and" pos="CONJ">and </w><w c5="VVI" hw="report" pos="VERB">report </w><w c5="AT0" hw="an" pos="ART">an </w><w c5="NN1" hw="accident" pos="SUBST">accident</w><c c5="PUN">.</c></s>
<s n="59"><w c5="AT0" hw="the" pos="ART">The </w><w c5="NN1" hw="case" pos="SUBST">case </w><w c5="VBD" hw="be" pos="VERB">was </w><w c5="VVN" hw="adjourn" pos="VERB">adjourned </w><w c5="PRP" hw="for" pos="PREP">for </w><w c5="NN2" hw="report" pos="SUBST">reports </w><w c5="NN2" hw="hen" pos="SUBST">Hens </w><w c5="VVB-NN1" hw="raid" pos="VERB">raid</w><c c5="PUN">: </c><w c5="NN2" hw="thief" pos="SUBST">Thieves </w><w c5="VVD" hw="raid" pos="VERB">raided </w><w c5="AT0" hw="a" pos="ART">a </w><w c5="NN1" hw="hen" pos="SUBST">hen </w><w c5="NN1" hw="house" pos="SUBST">house </w><w c5="PRP" hw="in" pos="PREP">in </w><w c5="NP0" hw="ripon" pos="SUBST">Ripon</w><c c5="PUN">.</c></s>
<s n="60"><w c5="PNP" hw="they" pos="PRON">They </w><w c5="VVD" hw="make" pos="VERB">made </w><w c5="AVP" hw="off" pos="ADV">off </w><w c5="PRP" hw="with" pos="PREP">with </w><w c5="CRD" hw="nine" pos="ADJ">nine </w><w c5="NN2" hw="bird" pos="SUBST">birds </w><w c5="PRP" hw="worth" pos="PREP">worth </w><w c5="AT0" hw="a" pos="ART">a </w><w c5="NN1" hw="total" pos="SUBST">total </w><w c5="PRF" hw="of" pos="PREP">of </w><w c5="NN0" hw="£180" pos="UNC">£180 </w><w c5="PRP" hw="from" pos="PREP">from </w><w c5="AT0" hw="a" pos="ART">a </w><w c5="NN1" hw="house" pos="SUBST">house </w><w c5="PRP" hw="in" pos="PREP">in </w><w c5="NP0" hw="studley" pos="SUBST">Studley </w><w c5="NP0" hw="road" pos="SUBST">Road</w><c c5="PUN">.</c></s></p></div></wtext></bncDoc>
