<bncDoc xml:id="K4U"><teiHeader><fileDesc><titleStmt><title>  Northern Echo: Applied Science pages. Sample containing about 1972 words from a periodical (domain: natural sciences) </title><respStmt><resp> Data capture and transcription </resp><name> Oxford University Press </name> </respStmt></titleStmt><editionStmt><edition>BNC XML Edition, December 2006</edition></editionStmt><extent> 1972 tokens; 1994 w-units; 107 s-units </extent><publicationStmt><distributor>Distributed under licence by Oxford University Computing Services on behalf of the BNC Consortium.</distributor><availability> This material is protected by international copyright laws and may not be copied or redistributed in any way. Consult the BNC Web Site at http://www.natcorp.ox.ac.uk for full licencing and distribution conditions.</availability><idno type="bnc">K4U</idno><idno type="old"> NaPurS </idno></publicationStmt><sourceDesc><bibl><title>Northern Echo: Applied Science pages.</title> <imprint><publisher>u.p.</publisher> </imprint> </bibl></sourceDesc></fileDesc><encodingDesc><tagsDecl><namespace name=""><tagUsage gi="c" occurs="253"/><tagUsage gi="corr" occurs="3"/><tagUsage gi="div" occurs="10"/><tagUsage gi="gap" occurs="1"/><tagUsage gi="head" occurs="3"/><tagUsage gi="mw" occurs="17"/><tagUsage gi="p" occurs="57"/><tagUsage gi="s" occurs="107"/><tagUsage gi="w" occurs="1994"/></namespace></tagsDecl></encodingDesc><profileDesc><creation date="0000">0000-00-00 Origination/creation date not known </creation><textClass><catRef targets="alltim3 news  wriase0  wridom2   wrista0 "/><classCode scheme="DLEE">W newsp other: science</classCode><keywords><term> (none) </term></keywords></textClass></profileDesc><revisionDesc><change date="2006-10-21" who="#OUCS">Tag usage updated for BNC-XML</change><change date="2000-12-13" who="#OUCS">Last check for BNC World first release</change><change date="2000-09-01" who="#OUCS">Check all tagcounts</change><change date="2000-06-23" who="#OUCS">Resequenced s-units and added headers</change><change date="2000-01-21" who="#OUCS">Added date info</change><change date="2000-01-09" who="#OUCS">Updated all catrefs</change><change date="2000-01-08" who="#OUCS">Updated source title</change><change date="2000-01-08" who="#OUCS">Updated titles</change><change date="1999-12-25" who="#OUCS">corrected tagUsage</change><change date="1999-09-16" who="#UCREL">POS codes revised for BNC-2; header updated</change><change date="1994-11-26" who="#dominic">Initial accession to corpus</change></revisionDesc></teiHeader>
<wtext type="NEWS"><p type="caption:display">
<s n="1"><w c5="AT0" hw="the" pos="ART">The </w><w c5="AJ0" hw="northern" pos="ADJ">Northern </w><w c5="NN1" hw="echo" pos="SUBST">Echo</w></s></p><div level="1"><p>
<s n="2"><w c5="PRP-AVP" hw="down" pos="PREP">DOWN </w><w c5="AT0" hw="the" pos="ART">the </w><w c5="NN1" hw="swamp" pos="SUBST">swamp </w><w c5="PRP" hw="at" pos="PREP">at </w><w c5="NP0" hw="darlington" pos="SUBST">Darlington</w><c c5="PUN">, </c><w c5="PNI" hw="something" pos="PRON">something </w><w c5="VBZ" hw="be" pos="VERB">is </w><w c5="VVG-AJ0" hw="stir" pos="VERB">stirring</w><c c5="PUN">.</c></s>
<s n="3"><w c5="PNP" hw="it" pos="PRON">It</w><w c5="VBZ" hw="be" pos="VERB">'s </w><w c5="AT0" hw="the" pos="ART">the </w><w c5="AJ0-NN1" hw="conservation" pos="ADJ">conservation </w><w c5="NN2" hw="volunteer" pos="SUBST">volunteers</w><c c5="PUN">.</c></s></p><p>
<s n="4"><w c5="PRP" hw="on" pos="PREP">On </w><w c5="AT0" hw="a" pos="ART">a </w><w c5="AJ0" hw="bright" pos="ADJ">bright </w><w c5="NP0" hw="february" pos="SUBST">February </w><w c5="NN1" hw="morning" pos="SUBST">morning </w><w c5="PNP" hw="they" pos="PRON">they</w><w c5="VBB" hw="be" pos="VERB">'re </w><mw c5="PRP"><w c5="AVP" hw="up" pos="ADV">up </w><w c5="PRP" hw="to" pos="PREP">to </w></mw><w c5="DPS" hw="they" pos="PRON">their </w><w c5="AJ0" hw="wellied" pos="ADJ">wellied </w><w c5="NN2" hw="ankle" pos="SUBST">ankles </w><w c5="PRP" hw="in" pos="PREP">in </w><w c5="NN1" hw="mud" pos="SUBST">mud </w><w c5="CJC" hw="and" pos="CONJ">and </w><w c5="NN1" hw="water" pos="SUBST">water</w><c c5="PUN">, </c><w c5="VVG" hw="turn" pos="VERB">turning </w><w c5="AT0" hw="a" pos="ART">a </w><w c5="AV0" hw="formerly" pos="ADV">formerly </w><w c5="VVN-VVD" hw="ignore" pos="VERB">ignored </w><w c5="NN1" hw="site" pos="SUBST">site </w><w c5="PRP" hw="on" pos="PREP">on </w><w c5="AT0" hw="the" pos="ART">the </w><w c5="NN1" hw="edge" pos="SUBST">edge </w><w c5="PRF" hw="of" pos="PREP">of </w><w c5="AJ0" hw="heavy" pos="ADJ">heavy </w><w c5="NN1" hw="industry" pos="SUBST">industry </w><w c5="PRP" hw="into" pos="PREP">into </w><w c5="AT0" hw="a" pos="ART">a </w><w c5="NN1" hw="nature" pos="SUBST">nature </w><w c5="NN1" hw="haven" pos="SUBST">haven</w><c c5="PUN">.</c></s></p><p>
<s n="5"><mw c5="PRP"><w c5="AVP" hw="up" pos="ADV">Up </w><w c5="PRP" hw="to" pos="PREP">to </w></mw><w c5="AV0" hw="now" pos="ADV">now</w><c c5="PUN">, </c><w c5="AT0" hw="the" pos="ART">the </w><w c5="NN1" hw="patch" pos="SUBST">patch </w><w c5="PRF" hw="of" pos="PREP">of </w><w c5="NN1" hw="land" pos="SUBST">land </w><w c5="PRP" hw="off" pos="PREP">off </w><w c5="NP0" hw="whessoe" pos="SUBST">Whessoe </w><w c5="NP0" hw="road" pos="SUBST">Road </w><w c5="VHZ" hw="have" pos="VERB">has</w><w c5="XX0" hw="not" pos="ADV">n't </w><w c5="VHN" hw="have" pos="VERB">had </w><mw c5="AV0"><w c5="AT0" hw="a" pos="ART">a </w><w c5="AJ0" hw="great" pos="ADJ">great </w><w c5="NN1" hw="deal" pos="SUBST">deal </w></mw><w c5="VVG" hw="go" pos="VERB">going </w><w c5="PRP" hw="for" pos="PREP">for </w><w c5="PNP" hw="it" pos="PRON">it</w><c c5="PUN">.</c></s>
<s n="6"><w c5="PNP" hw="it" pos="PRON">It </w><w c5="VVZ" hw="back" pos="VERB">backs </w><w c5="PRP" hw="onto" pos="PREP">onto </w><w c5="AT0" hw="a" pos="ART">a </w><w c5="NN1" hw="couple" pos="SUBST">couple </w><w c5="PRF" hw="of" pos="PREP">of </w><w c5="NN2" hw="euphemism" pos="SUBST">euphemisms</w><c c5="PUN">, </c><w c5="AT0" hw="the" pos="ART">the </w><w c5="AJ0" hw="civic" pos="ADJ">Civic </w><w c5="NN1" hw="amenity" pos="SUBST">Amenity </w><w c5="NN1" hw="site" pos="SUBST">Site </w><w c5="CJC" hw="and" pos="CONJ">and </w><w c5="AT0" hw="the" pos="ART">the </w><corr sic="abbatoir" resp="OUCS"> <w c5="NN1" hw="abattoir" pos="SUBST">abattoir </w></corr><c c5="PUN">, </c><w c5="CJC" hw="and" pos="CONJ">and </w><w c5="AT0" hw="a" pos="ART">a </w><w c5="AJ0" hw="valuable" pos="ADJ">valuable </w><w c5="NN1" hw="pond" pos="SUBST">pond </w><w c5="DTQ" hw="which" pos="PRON">which </w><w c5="VVD" hw="attract" pos="VERB">attracted </w><w c5="VVG-AJ0" hw="migrate" pos="VERB">migrating </w><w c5="NN2" hw="bird" pos="SUBST">birds </w><w c5="VHZ" hw="have" pos="VERB">has </w><w c5="AV0" hw="regularly" pos="ADV">regularly </w><w c5="VVN" hw="dry" pos="VERB">dried </w><w c5="AVP" hw="up" pos="ADV">up </w><w c5="PRP" hw="in" pos="PREP">in </w><w c5="AT0" hw="the" pos="ART">the </w><w c5="NN1" hw="summer" pos="SUBST">summer</w><c c5="PUN">.</c></s></p><p>
<s n="7"><w c5="AT0" hw="the" pos="ART">The </w><w c5="AJ0" hw="british" pos="ADJ">British </w><w c5="NN1" hw="trust" pos="SUBST">Trust </w><w c5="PRP" hw="for" pos="PREP">for </w><w c5="AJ0" hw="conservation" pos="ADJ">Conservation </w><w c5="NN2" hw="volunteer" pos="SUBST">Volunteers </w><w c5="VHB" hw="have" pos="VERB">have </w><w c5="AV0" hw="already" pos="ADV">already </w><w c5="VVN" hw="achieve" pos="VERB">achieved </w><w c5="DT0" hw="much" pos="ADJ">much </w><w c5="TO0" hw="to" pos="PREP">to </w><w c5="VVI" hw="improve" pos="VERB">improve </w><w c5="AT0" hw="the" pos="ART">the </w><w c5="NN1" hw="site" pos="SUBST">site</w><w c5="POS" hw="'s" pos="UNC">'s </w><w c5="NN1" hw="appeal" pos="SUBST">appeal</w><c c5="PUN">.</c></s></p><p>
<s n="8"><w c5="PNP" hw="they" pos="PRON">They </w><w c5="VHB" hw="have" pos="VERB">have </w><w c5="VVN" hw="take" pos="VERB">taken </w><w c5="NN2" hw="step" pos="SUBST">steps </w><w c5="TO0" hw="to" pos="PREP">to </w><w c5="VVI" hw="stop" pos="VERB">stop </w><w c5="NN1" hw="water" pos="SUBST">water </w><w c5="VVG" hw="drain" pos="VERB">draining </w><w c5="AVP" hw="off" pos="ADV">off </w><w c5="PRP" hw="from" pos="PREP">from </w><w c5="AT0" hw="the" pos="ART">the </w><w c5="NN1" hw="mini-lake" pos="SUBST">mini-lake</w><c c5="PUN">, </c><w c5="CJC" hw="and" pos="CONJ">and </w><w c5="VDN" hw="do" pos="VERB">done </w><w c5="AT0" hw="an" pos="ART">an </w><w c5="AJ0" hw="inordinate" pos="ADJ">inordinate </w><w c5="NN1" hw="amount" pos="SUBST">amount </w><w c5="PRF" hw="of" pos="PREP">of </w><w c5="VVG" hw="plodge" pos="VERB">plodging </w><w c5="PRP" hw="in" pos="PREP">in </w><w c5="AT0" hw="the" pos="ART">the </w><w c5="NN1" hw="wetland" pos="SUBST">wetland</w><c c5="PUN">.</c></s></p><p>
<s n="9"><c c5="PUQ">‘</c><w c5="PNP" hw="we" pos="PRON">We</w><w c5="VBB" hw="be" pos="VERB">'re </w><w c5="VVG" hw="try" pos="VERB">trying </w><w c5="TO0" hw="to" pos="PREP">to </w><w c5="VVI" hw="increase" pos="VERB">increase </w><w c5="AT0" hw="the" pos="ART">the </w><w c5="NN1" hw="amount" pos="SUBST">amount </w><w c5="PRF" hw="of" pos="PREP">of </w><w c5="AJ0" hw="aquatic" pos="ADJ">aquatic </w><w c5="NN1" hw="habitat" pos="SUBST">habitat </w><w c5="AV0" hw="here" pos="ADV">here</w><c c5="PUN">, </c><w c5="DTQ" hw="which" pos="PRON">which </w><w c5="VVZ" hw="include" pos="VERB">includes </w><w c5="VVG-NN1" hw="plant" pos="VERB">planting </w><w c5="NN1" hw="reed" pos="SUBST">reed </w><w c5="NN1-VVB" hw="mace" pos="SUBST">mace </w><w c5="CJC" hw="and" pos="CONJ">and </w><w c5="NN1" hw="building" pos="SUBST">building </w><w c5="NN2" hw="dyke" pos="SUBST">dykes</w><c c5="PUN">,</c><c c5="PUQ">’ </c><w c5="VVZ" hw="say" pos="VERB">says </w><w c5="NP0" hw="dean" pos="SUBST">Dean </w><w c5="NP0" hw="heward" pos="SUBST">Heward</w><c c5="PUN">, </c><w c5="PNQ" hw="who" pos="PRON">who </w><w c5="VBZ" hw="be" pos="VERB">is </w><w c5="VVG" hw="organise" pos="VERB">organising </w><w c5="AT0" hw="the" pos="ART">the </w><w c5="NN1" hw="project" pos="SUBST">project </w><w c5="PRP" hw="for" pos="PREP">for </w><w c5="NP0" hw="btcv" pos="SUBST">BTCV</w><c c5="PUN">.</c></s></p><p>
<s n="10"><w c5="AT0" hw="the" pos="ART">The </w><w c5="NN1" hw="project" pos="SUBST">project </w><w c5="VBZ" hw="be" pos="VERB">is </w><w c5="DTQ" hw="what" pos="PRON">what </w><w c5="PNP" hw="you" pos="PRON">you </w><w c5="VM0" hw="might" pos="VERB">might </w><w c5="VVI" hw="call" pos="VERB">call </w><w c5="AJ0" hw="labour-intensive" pos="ADJ">labour-intensive</w><c c5="PUN">.</c></s>
<s n="11"><w c5="NN2" hw="wheelbarrow" pos="SUBST">Wheelbarrows </w><w c5="PRF" hw="of" pos="PREP">of </w><w c5="NN1" hw="mud" pos="SUBST">mud </w><w c5="VBB" hw="be" pos="VERB">are </w><w c5="VVN" hw="cart" pos="VERB">carted </w><w c5="PRP" hw="from" pos="PREP">from </w><w c5="CRD" hw="one" pos="ADJ">one </w><w c5="NN1" hw="site" pos="SUBST">site </w><w c5="TO0" hw="to" pos="PREP">to </w><w c5="VVI" hw="help" pos="VERB">help </w><w c5="VVI" hw="form" pos="VERB">form </w><w c5="AT0" hw="a" pos="ART">a </w><w c5="AJ0" hw="containing" pos="ADJ">containing </w><w c5="NN1" hw="mound" pos="SUBST">mound </w><w c5="PRP" hw="for" pos="PREP">for </w><w c5="AT0" hw="a" pos="ART">a </w><w c5="NN1" hw="pond" pos="SUBST">pond </w><w c5="PRP" hw="at" pos="PREP">at </w><w c5="AT0" hw="the" pos="ART">the </w><w c5="AJ0" hw="other" pos="ADJ">other </w><w c5="NN1" hw="end" pos="SUBST">end</w><c c5="PUN">.</c></s></p><p>
<s n="12"><w c5="AT0" hw="the" pos="ART">The </w><w c5="NN1" hw="land" pos="SUBST">land </w><w c5="VBZ" hw="be" pos="VERB">is </w><w c5="VVN" hw="own" pos="VERB">owned </w><w c5="PRP" hw="by" pos="PREP">by </w><w c5="NP0" hw="darlington" pos="SUBST">Darlington </w><w c5="NN1" hw="council" pos="SUBST">Council</w><c c5="PUN">, </c><w c5="PNQ" hw="who" pos="PRON">who </w><w c5="VBB" hw="be" pos="VERB">are </w><w c5="VVG" hw="fund" pos="VERB">funding </w><w c5="AT0" hw="the" pos="ART">the </w><w c5="AJ0-NN1" hw="conservation" pos="ADJ">conservation </w><w c5="NN1" hw="work" pos="SUBST">work</w><c c5="PUN">.</c></s>
<s n="13"><w c5="NN2" hw="helper" pos="SUBST">Helpers </w><w c5="VHB" hw="have" pos="VERB">have </w><w c5="VVN" hw="include" pos="VERB">included </w><w c5="NN2" hw="pupil" pos="SUBST">pupils </w><w c5="PRP" hw="from" pos="PREP">from </w><w c5="AT0" hw="an" pos="ART">an </w><w c5="AJ0" hw="adjacent" pos="ADJ">adjacent </w><w c5="NN1" hw="school" pos="SUBST">school</w><c c5="PUN">, </c><w c5="CJC" hw="and" pos="CONJ">and </w><w c5="AV0" hw="also" pos="ADV">also </w><w c5="AJ0" hw="handicapped" pos="ADJ">handicapped </w><w c5="NN2" hw="volunteer" pos="SUBST">volunteers</w><c c5="PUN">.</c></s></p><p>
<s n="14"><w c5="AT0" hw="the" pos="ART">The </w><w c5="NN1" hw="site" pos="SUBST">site </w><w c5="VM0" hw="will" pos="VERB">will </w><w c5="VHI" hw="have" pos="VERB">have </w><w c5="AJ0" hw="wildlife-friendly" pos="ADJ">wildlife-friendly </w><w c5="NN2" hw="hedge" pos="SUBST">hedges </w><w c5="PRF" hw="of" pos="PREP">of </w><w c5="NN1" hw="blackthorn" pos="SUBST">blackthorn</w><c c5="PUN">, </c><w c5="NN1" hw="hawthorn" pos="SUBST">hawthorn</w><c c5="PUN">, </c><w c5="AJ0" hw="sweet" pos="ADJ">sweet </w><w c5="NN1" hw="briar" pos="SUBST">briar </w><w c5="CJC" hw="and" pos="CONJ">and </w><w c5="NN1" hw="dog" pos="SUBST">dog </w><w c5="NN1" hw="rose" pos="SUBST">rose</w><c c5="PUN">, </c><w c5="CJC" hw="and" pos="CONJ">and </w><w c5="CRD" hw="three" pos="ADJ">three </w><w c5="NN2" hw="wedge" pos="SUBST">wedges </w><w c5="PRF" hw="of" pos="PREP">of </w><w c5="AJ0" hw="young" pos="ADJ">young </w><w c5="NN2" hw="tree" pos="SUBST">trees </w><w c5="VM0" hw="will" pos="VERB">will </w><w c5="VVI" hw="provide" pos="VERB">provide </w><w c5="NN1" hw="shelter" pos="SUBST">shelter </w><w c5="PRP" hw="to" pos="PREP">to </w><w c5="NN1" hw="pond" pos="SUBST">pond </w><w c5="NN2" hw="user" pos="SUBST">users</w><c c5="PUN">.</c></s></p><p>
<s n="15"><c c5="PUQ">‘</c><w c5="PNP" hw="we" pos="PRON">We</w><w c5="VHB" hw="have" pos="VERB">'ve </w><w c5="VVN" hw="plant" pos="VERB">planted </w><w c5="CRD" hw="4000" pos="ADJ">4000 </w><w c5="NN2" hw="tree" pos="SUBST">trees </w><corr sic="inlcuding" resp="OUCS"> <w c5="PRP" hw="including" pos="PREP">including </w></corr><w c5="NN1" hw="aspen" pos="SUBST">aspen</w><c c5="PUN">, </c><w c5="NN1" hw="silver" pos="SUBST">silver </w><w c5="CJC" hw="and" pos="CONJ">and </w><w c5="AJ0" hw="downy" pos="ADJ">downy </w><w c5="NN1" hw="birch" pos="SUBST">birch </w><w c5="CJC" hw="and" pos="CONJ">and </w><w c5="NN1-AJ0" hw="rowan" pos="SUBST">rowan</w><c c5="PUN">,</c><c c5="PUQ">’ </c><w c5="VVZ" hw="say" pos="VERB">says </w><w c5="NP0" hw="dean" pos="SUBST">Dean</w><c c5="PUN">.</c></s>
<s n="16"><c c5="PUQ">‘</c><w c5="AT0" hw="the" pos="ART">The </w><w c5="NN1" hw="water" pos="SUBST">water </w><w c5="VBZ" hw="be" pos="VERB">is </w><w c5="VVN" hw="use" pos="VERB">used </w><w c5="PRP" hw="at" pos="PREP">at </w><w c5="AT0" hw="the" pos="ART">the </w><w c5="NN1" hw="moment" pos="SUBST">moment </w><w c5="PRP" hw="by" pos="PREP">by </w><w c5="VVG-AJ0" hw="pass" pos="VERB">passing </w><w c5="AJ0" hw="migratory" pos="ADJ">migratory </w><w c5="NN2" hw="bird" pos="SUBST">birds</w><c c5="PUN">, </c><w c5="CJC" hw="but" pos="CONJ">but </w><w c5="AV0" hw="hopefully" pos="ADV">hopefully </w><w c5="AV0" hw="once" pos="ADV">once </w><w c5="AT0" hw="the" pos="ART">the </w><w c5="NN1" hw="cover" pos="SUBST">cover </w><w c5="VVZ" hw="grow" pos="VERB">grows </w><w c5="AVP" hw="up" pos="ADV">up </w><mw c5="AV0"><w c5="AT0" hw="a" pos="ART">a </w><w c5="AV0" hw="little" pos="ADV">little </w></mw><w c5="PNP" hw="they" pos="PRON">they </w><w c5="VM0" hw="will" pos="VERB">will </w><w c5="VBI" hw="be" pos="VERB">be </w><w c5="VVN" hw="encourage" pos="VERB">encouraged </w><w c5="TO0" hw="to" pos="PREP">to </w><w c5="VVI" hw="stop" pos="VERB">stop </w><w c5="AV0" hw="here" pos="ADV">here</w><c c5="PUN">.</c><c c5="PUQ">’</c></s></p><p>
<s n="17"><w c5="AT0" hw="the" pos="ART">The </w><w c5="NN2" hw="volunteer" pos="SUBST">volunteers </w><w c5="VVD" hw="start" pos="VERB">started </w><w c5="NN1-VVB" hw="work" pos="SUBST">work </w><w c5="PRP" hw="by" pos="PREP">by </w><w c5="VVG" hw="haul" pos="VERB">hauling </w><w c5="AV0" hw="away" pos="ADV">away </w><w c5="AT0" hw="an" pos="ART">an </w><w c5="NN1" hw="accumulation" pos="SUBST">accumulation </w><w c5="PRF" hw="of" pos="PREP">of </w><w c5="NN1" hw="rubbish" pos="SUBST">rubbish </w><w c5="DTQ" hw="which" pos="PRON">which </w><w c5="VHD" hw="have" pos="VERB">had </w><w c5="VVN" hw="find" pos="VERB">found </w><w c5="DPS" hw="it" pos="PRON">its </w><w c5="NN1" hw="way" pos="SUBST">way </w><w c5="PRP" hw="into" pos="PREP">into </w><w c5="AT0" hw="the" pos="ART">the </w><w c5="AJ0" hw="little" pos="ADJ">little </w><w c5="NN1" hw="lake" pos="SUBST">lake</w><c c5="PUN">.</c></s>
<s n="18"><w c5="VVN-AJ0" hw="dump" pos="VERB">Dumped </w><w c5="NN2" hw="car" pos="SUBST">cars </w><w c5="VHB" hw="have" pos="VERB">have </w><w c5="AV0" hw="also" pos="ADV">also </w><w c5="VBN" hw="be" pos="VERB">been </w><w c5="AT0" hw="an" pos="ART">an </w><w c5="AJ0" hw="occasional" pos="ADJ">occasional </w><w c5="NN1" hw="problem" pos="SUBST">problem</w><c c5="PUN">.</c></s></p><p>
<s n="19"><w c5="CJC" hw="but" pos="CONJ">But </w><w c5="AV0" hw="even" pos="ADV">even </w><w c5="PRP" hw="in" pos="PREP">in </w><w c5="AT0" hw="the" pos="ART">the </w><w c5="NN1" hw="middle" pos="SUBST">middle </w><w c5="PRF" hw="of" pos="PREP">of </w><w c5="NN1" hw="industry" pos="SUBST">industry</w><c c5="PUN">, </c><w c5="AT0" hw="the" pos="ART">the </w><w c5="NP0" hw="darlington" pos="SUBST">Darlington </w><w c5="NN1" hw="site" pos="SUBST">site </w><w c5="VHZ" hw="have" pos="VERB">has </w><w c5="VVN" hw="attract" pos="VERB">attracted </w><w c5="NN1" hw="wildlife" pos="SUBST">wildlife</w><c c5="PUN">.</c></s>
<s n="20"><w c5="NN2" hw="rabbit" pos="SUBST">Rabbits </w><w c5="VVB" hw="live" pos="VERB">live </w><w c5="PRP-AVP" hw="in" pos="PREP">in </w><w c5="AT0" hw="the" pos="ART">the </w><w c5="AJ0" hw="surrounding" pos="ADJ">surrounding </w><w c5="NN1" hw="area" pos="SUBST">area</w><c c5="PUN">, </c><w c5="CJC" hw="and" pos="CONJ">and </w><w c5="AT0" hw="a" pos="ART">a </w><w c5="NN1" hw="kestrel" pos="SUBST">kestrel </w><w c5="VHZ" hw="have" pos="VERB">has </w><w c5="VBN" hw="be" pos="VERB">been </w><w c5="VVN" hw="spot" pos="VERB">spotted </w><w c5="AV0" hw="nearby" pos="ADV">nearby</w><c c5="PUN">.</c></s></p><p>
<s n="21"><w c5="AT0" hw="the" pos="ART">The </w><w c5="NP0" hw="btcv" pos="SUBST">BTCV </w><w c5="VVZ" hw="manage" pos="VERB">manages </w><w c5="DT0" hw="several" pos="ADJ">several </w><w c5="NN2" hw="site" pos="SUBST">sites </w><w c5="PRP" hw="in" pos="PREP">in </w><w c5="NN1" hw="county" pos="SUBST">County </w><w c5="NP0" hw="durham" pos="SUBST">Durham</w><c c5="PUN">, </c><w c5="DT0" hw="all" pos="ADJ">all </w><w c5="VVG" hw="rely" pos="VERB">relying </w><w c5="PRP" hw="on" pos="PREP">on </w><w c5="AT0" hw="the" pos="ART">the </w><w c5="AJ0" hw="hard" pos="ADJ">hard </w><w c5="NN1" hw="work" pos="SUBST">work </w><w c5="PRF" hw="of" pos="PREP">of </w><w c5="NN2" hw="volunteer" pos="SUBST">volunteers</w><c c5="PUN">.</c></s></p><p>
<s n="22"><w c5="VVB-NN1" hw="work" pos="VERB">Work </w><w c5="PRP" hw="at" pos="PREP">at </w><w c5="NP0" hw="whessoe" pos="SUBST">Whessoe </w><w c5="NP0" hw="road" pos="SUBST">Road </w><w c5="VM0" hw="will" pos="VERB">will </w><w c5="VVI" hw="go" pos="VERB">go </w><w c5="PRP-AVP" hw="on" pos="PREP">on </w><w c5="AV0" hw="right" pos="ADV">right </w><w c5="PRP" hw="through" pos="PREP">through </w><w c5="AT0" hw="the" pos="ART">the </w><w c5="NN1" hw="summer" pos="SUBST">summer</w><c c5="PUN">.</c></s>
<s n="23"><c c5="PUQ">‘</c><w c5="PNP" hw="we" pos="PRON">We </w><w c5="VVB" hw="want" pos="VERB">want </w><w c5="TO0" hw="to" pos="PREP">to </w><w c5="VVI" hw="create" pos="VERB">create </w><w c5="AT0" hw="a" pos="ART">a </w><w c5="NN1" hw="wildflower" pos="SUBST">wildflower </w><w c5="NN1" hw="meadow" pos="SUBST">meadow</w><c c5="PUN">, </c><w c5="CJC" hw="but" pos="CONJ">but </w><w c5="PNP" hw="it" pos="PRON">it</w><w c5="VBZ" hw="be" pos="VERB">'s </w><w c5="AJ0" hw="important" pos="ADJ">important </w><w c5="TO0" hw="to" pos="PREP">to </w><w c5="VVI" hw="see" pos="VERB">see </w><w c5="DTQ" hw="what" pos="PRON">what</w><w c5="VBZ" hw="be" pos="VERB">'s </w><w c5="AV0" hw="already" pos="ADV">already </w><w c5="AV0" hw="here" pos="ADV">here </w><w c5="CJS" hw="before" pos="CONJ">before </w><w c5="PNP" hw="we" pos="PRON">we </w><w c5="VVB" hw="go" pos="VERB">go </w><w c5="AV0" hw="ahead" pos="ADV">ahead </w><w c5="CJC" hw="and" pos="CONJ">and </w><w c5="NN1-VVB" hw="plant" pos="SUBST">plant</w><c c5="PUN">,</c><c c5="PUQ">’ </c><w c5="VVZ" hw="say" pos="VERB">says </w><w c5="NP0" hw="dean" pos="SUBST">Dean</w><c c5="PUN">.</c></s></p><p>
<s n="24"><c c5="PUQ">‘</c><w c5="CJS" hw="so" pos="CONJ">So </w><w c5="PNP" hw="we" pos="PRON">we</w><w c5="VM0" hw="will" pos="VERB">'ll </w><w c5="VVI" hw="keep" pos="VERB">keep </w><w c5="AT0" hw="the" pos="ART">the </w><w c5="AJ0" hw="long" pos="ADJ">long </w><w c5="NN1-VVB" hw="stuff" pos="SUBST">stuff </w><w c5="AVP" hw="down" pos="ADV">down </w><w c5="PRP" hw="over" pos="PREP">over </w><w c5="AT0" hw="the" pos="ART">the </w><w c5="NN1" hw="season" pos="SUBST">season </w><w c5="CJC" hw="and" pos="CONJ">and </w><w c5="VVB" hw="see" pos="VERB">see </w><w c5="DTQ" hw="what" pos="PRON">what </w><w c5="NN2" hw="flower" pos="SUBST">flowers </w><w c5="VVB" hw="come" pos="VERB">come </w><w c5="AVP" hw="up" pos="ADV">up</w><c c5="PUN">.</c><c c5="PUQ">’</c></s></p><p>
<s n="25"><w c5="AT0" hw="the" pos="ART">The </w><w c5="NN2" hw="volunteer" pos="SUBST">volunteers </w><w c5="VBB" hw="be" pos="VERB">are </w><w c5="AVP" hw="about" pos="ADV">about </w><w c5="TO0" hw="to" pos="PREP">to </w><w c5="VVI" hw="start" pos="VERB">start </w><w c5="VVG-NN1" hw="recycle" pos="VERB">recycling </w><w c5="PRP-AVP" hw="in" pos="PREP">in </w><w c5="AT0" hw="an" pos="ART">an </w><w c5="AJ0" hw="unusual" pos="ADJ">unusual </w><w c5="NN1" hw="way" pos="SUBST">way</w><c c5="PUN">.</c></s>
<s n="26"><c c5="PUQ">‘</c><w c5="EX0" hw="there" pos="PRON">There</w><w c5="VBZ" hw="be" pos="VERB">'s </w><w c5="AT0" hw="a" pos="ART">a </w><w c5="NN1" hw="job" pos="SUBST">job </w><w c5="VVG" hw="come" pos="VERB">coming </w><w c5="AVP" hw="up" pos="ADV">up </w><w c5="PRP" hw="in" pos="PREP">in </w><w c5="NP0" hw="easington" pos="SUBST">Easington </w><w c5="AVQ" hw="where" pos="ADV">where </w><w c5="AT0" hw="the" pos="ART">the </w><w c5="NP0" hw="middlesbrough" pos="SUBST">Middlesbrough </w><w c5="NN1" hw="group" pos="SUBST">group </w><w c5="VBZ" hw="be" pos="VERB">is </w><w c5="VVG" hw="clear" pos="VERB">clearing </w><w c5="AT0" hw="a" pos="ART">a </w><w c5="NN1" hw="dyke" pos="SUBST">dyke </w><w c5="NN1" hw="system" pos="SUBST">system </w><w c5="PRF" hw="of" pos="PREP">of </w><w c5="AT0" hw="the" pos="ART">the </w><w c5="NN1" hw="sort" pos="SUBST">sort </w><w c5="PNP" hw="we" pos="PRON">we </w><w c5="VBB" hw="be" pos="VERB">are </w><w c5="VVG" hw="try" pos="VERB">trying </w><w c5="TO0" hw="to" pos="PREP">to </w><w c5="VVI" hw="create" pos="VERB">create </w><w c5="AV0" hw="here" pos="ADV">here</w><c c5="PUN">.</c></s></p><p>
<s n="27"><c c5="PUQ">‘</c><w c5="CJS" hw="so" pos="CONJ">So </w><w c5="PNP" hw="we" pos="PRON">we </w><w c5="VBB" hw="be" pos="VERB">are </w><w c5="VVG" hw="go" pos="VERB">going </w><w c5="TO0" hw="to" pos="PREP">to </w><w c5="VVI" hw="bring" pos="VERB">bring </w><w c5="DT0" hw="all" pos="ADJ">all </w><w c5="AT0" hw="the" pos="ART">the </w><w c5="NN2" hw="plant" pos="SUBST">plants </w><w c5="CJT" hw="that" pos="CONJ">that </w><w c5="PNP" hw="they" pos="PRON">they </w><w c5="VDB" hw="do" pos="VERB">do</w><w c5="XX0" hw="not" pos="ADV">n't </w><w c5="VVI" hw="want" pos="VERB">want </w><mw c5="AV0"><w c5="PRP" hw="over" pos="PREP">over </w><w c5="AV0" hw="here" pos="ADV">here </w></mw><w c5="DT0" hw="more" pos="ADJ">more </w><w c5="NN2" hw="rush" pos="SUBST">rushes </w><w c5="CJC" hw="and" pos="CONJ">and </w><w c5="NN2" hw="sedge" pos="SUBST">sedges </w><w c5="CJC" hw="and" pos="CONJ">and </w><w c5="AJ0" hw="aquatic" pos="ADJ">aquatic </w><w c5="NN2" hw="plant" pos="SUBST">plants </w><w c5="TO0" hw="to" pos="PREP">to </w><w c5="VVI" hw="diversify" pos="VERB">diversify </w><w c5="AT0" hw="the" pos="ART">the </w><w c5="NN1" hw="habitat" pos="SUBST">habitat</w><c c5="PUN">.</c><c c5="PUQ">’</c></s></p><p>
<s n="28"><c c5="PUN">—</c><w c5="AT0" pos="UNC" hw="the">The </w><w c5="AJ0" hw="british" pos="ADJ">British </w><w c5="NN1" hw="trust" pos="SUBST">Trust </w><w c5="PRP" hw="for" pos="PREP">for </w><w c5="NN1" hw="conservation" pos="SUBST">Conservation </w><w c5="VBZ" hw="be" pos="VERB">is </w><w c5="VVG" hw="look" pos="VERB">looking </w><w c5="PRP" hw="for" pos="PREP">for </w><w c5="DT0" hw="more" pos="ADJ">more </w><w c5="NN2" hw="volunteer" pos="SUBST">volunteers</w><c c5="PUN">.</c></s>
<s n="29"><w c5="VVB-NN1" hw="ring" pos="VERB">Ring  </w><gap desc="telephone number"/><w c5="PRP" hw="for" pos="PREP">for </w><w c5="NN2" hw="detail" pos="SUBST">details</w><c c5="PUN">.</c></s></p></div><div level="1"><p>
<s n="30"><w c5="NN1" hw="sandpiper" pos="SUBST">SANDPIPER</w><c c5="PUN">: </c><w c5="AJ0" hw="small" pos="ADJ">small</w><c c5="PUN">, </c><w c5="AJ0" hw="migratory" pos="ADJ">migratory </w><w c5="NN1" hw="wader" pos="SUBST">wader </w><w c5="CJT" hw="that" pos="CONJ">that </w><mw c5="PRP"><w c5="PRP" hw="by" pos="PREP">by </w><w c5="NN1" hw="way" pos="SUBST">way </w><w c5="PRF" hw="of" pos="PREP">of </w></mw><w c5="AT0" hw="a" pos="ART">a </w><w c5="AJ0" hw="good" pos="ADJ">good </w><w c5="NN1-VVB" hw="nosh" pos="SUBST">nosh </w><w c5="AVP-PRP" hw="up" pos="ADV">up </w><w c5="VVZ-NN2" hw="peck" pos="VERB">pecks </w><w c5="NN2" hw="insect" pos="SUBST">insects </w><w c5="CJC" hw="and" pos="CONJ">and </w><w c5="AJ0" hw="other" pos="ADJ">other </w><w c5="NN2" hw="invertebrate" pos="SUBST">invertebrates </w><w c5="PRP" hw="from" pos="PREP">from </w><w c5="AT0" hw="the" pos="ART">the </w><w c5="NN1" hw="mud" pos="SUBST">mud</w><c c5="PUN">.</c></s>
<s n="31"><w c5="AJ0" hw="whistle-happy" pos="ADJ">Whistle-happy</w><c c5="PUN">, </c><w c5="AV0" hw="too" pos="ADV">too </w><w c5="NN2" hw="swan" pos="SUBST">Swans </w><w c5="PRP" hw="at" pos="PREP">at </w><w c5="AT0" hw="the" pos="ART">the </w><w c5="NN1-NP0" hw="sandpiper" pos="SUBST">Sandpiper</w></s></p></div><div level="1"><p>
<s n="32"><w c5="VVG" hw="maintain" pos="VERB">MAINTAINING </w><w c5="AT0" hw="the" pos="ART">the </w><w c5="AJ0" hw="avian" pos="ADJ">avian </w><w c5="NN1" hw="theme" pos="SUBST">theme</w><c c5="PUN">, </c><w c5="AT0" hw="the" pos="ART">the </w><w c5="NN1" hw="sandpiper" pos="SUBST">Sandpiper </w><w c5="PRP" hw="at" pos="PREP">at </w><w c5="NP0-NN1" hw="leyburn" pos="SUBST">Leyburn </w><w c5="VBZ" hw="be" pos="VERB">is </w><w c5="VVN" hw="run" pos="VERB">run </w><w c5="PRP" hw="by" pos="PREP">by </w><w c5="NP0" hw="peter" pos="SUBST">Peter </w><w c5="NP0" hw="swan" pos="SUBST">Swan</w><c c5="PUN">, </c><w c5="AJ0" hw="large" pos="ADJ">large </w><w c5="CJC" hw="and" pos="CONJ">and </w><w c5="AJ0" hw="amiable" pos="ADJ">amiable</w><c c5="PUN">, </c><w c5="CJC" hw="and" pos="CONJ">and </w><w c5="DPS" hw="he" pos="PRON">his </w><w c5="NN1" hw="wife" pos="SUBST">wife </w><w c5="NP0" hw="beryl" pos="SUBST">Beryl</w><c c5="PUN">.</c></s></p><p>
<s n="33"><w c5="AT0" hw="an" pos="ART">An </w><w c5="AV0" hw="exceptionally" pos="ADV">exceptionally </w><w c5="AJ0" hw="attractive" pos="ADJ">attractive </w><w c5="NN1" hw="pub" pos="SUBST">pub</w><c c5="PUN">, </c><w c5="PNP" hw="it" pos="PRON">it</w><w c5="VBZ" hw="be" pos="VERB">'s </w><w c5="VVN" hw="house" pos="VERB">housed </w><w c5="AJ0" hw="tardis-like" pos="ADJ">Tardis-like </w><w c5="PRP" hw="in" pos="PREP">in </w><w c5="AT0" hw="a" pos="ART">a </w><w c5="NN1" hw="cottage" pos="SUBST">cottage </w><w c5="CJT-DT0" hw="that" pos="CONJ">that</w><w c5="VBZ" hw="be" pos="VERB">'s </w><w c5="VVN" hw="say" pos="VERB">said </w><w c5="TO0" hw="to" pos="PREP">to </w><w c5="VBI" hw="be" pos="VERB">be </w><w c5="NP0-NN1" hw="leyburn" pos="SUBST">Leyburn</w><w c5="POS" hw="'s" pos="UNC">'s </w><w c5="AJS" hw="old" pos="ADJ">oldest </w><w c5="NN1" hw="building" pos="SUBST">building</w><c c5="PUN">.</c></s></p><p>
<s n="34"><w c5="AT0" hw="a" pos="ART">A </w><w c5="NN1" hw="guidebook" pos="SUBST">guidebook </w><w c5="PRP" hw="on" pos="PREP">on </w><w c5="AT0" hw="the" pos="ART">the </w><w c5="NN1" hw="mantlepiece" pos="SUBST">mantlepiece </w><w c5="VVZ" hw="add" pos="VERB">adds </w><w c5="CJT" hw="that" pos="CONJ">that </w><w c5="CJS" hw="until" pos="CONJ">until </w><w c5="AT0" hw="the" pos="ART">the </w><w c5="NN1" hw="plague" pos="SUBST">plague </w><w c5="VDD" hw="do" pos="VERB">did </w><w c5="PRP" hw="for" pos="PREP">for </w><w c5="NP0" hw="wensley" pos="SUBST">Wensley</w><c c5="PUN">, </c><w c5="NP0-NN1" hw="leyburn" pos="SUBST">Leyburn </w><w c5="VBD" hw="be" pos="VERB">was </w><w c5="AV0" hw="just" pos="ADV">just </w><w c5="AT0" hw="a" pos="ART">a </w><w c5="NN1" hw="speck" pos="SUBST">speck </w><w c5="PRP" hw="on" pos="PREP">on </w><w c5="AT0" hw="the" pos="ART">the </w><w c5="NN1" hw="map" pos="SUBST">map </w><w c5="AV0" hw="anyway" pos="ADV">anyway</w><c c5="PUN">.</c></s></p><p>
<s n="35"><w c5="AV0" hw="even" pos="ADV">Even </w><w c5="PRP" hw="in" pos="PREP">in </w><w c5="NP0" hw="february" pos="SUBST">February </w><w c5="AT0" hw="the" pos="ART">the </w><w c5="NN1" hw="place" pos="SUBST">place </w><w c5="VBZ" hw="be" pos="VERB">is </w><w c5="AJ0" hw="busy" pos="ADJ">busy</w><c c5="PUN">, </c><w c5="CJC" hw="and" pos="CONJ">and </w><w c5="AV0" hw="deservedly" pos="ADV">deservedly</w><c c5="PUN">, </c><w c5="CJC" hw="but" pos="CONJ">but </w><w c5="DPS" hw="it" pos="PRON">its </w><w c5="NN2" hw="attraction" pos="SUBST">attractions </w><w c5="VM0" hw="may" pos="VERB">may </w><w c5="VBI" hw="be" pos="VERB">be </w><w c5="AT0" hw="a" pos="ART">a </w><w c5="NN1" hw="sum" pos="SUBST">sum </w><w c5="PRF" hw="of" pos="PREP">of </w><w c5="NN2" hw="part" pos="SUBST">parts </w><mw c5="PRP"><w c5="AV0" hw="rather" pos="ADV">rather </w><w c5="CJS" hw="than" pos="CONJ">than </w></mw><w c5="AT0" hw="the" pos="ART">the </w><w c5="AJ0" hw="outstanding" pos="ADJ">outstanding </w><w c5="NN1" hw="appeal" pos="SUBST">appeal </w><w c5="PRF" hw="of" pos="PREP">of </w><w c5="AT0" hw="the" pos="ART">the </w><w c5="NN1" hw="food" pos="SUBST">food</w><c c5="PUN">.</c></s></p><p>
<s n="36"><w c5="AT0" hw="the" pos="ART">The </w><w c5="AJ0" hw="unadventurous" pos="ADJ">unadventurous </w><w c5="NN1" hw="menu" pos="SUBST">menu </w><w c5="VBZ" hw="be" pos="VERB">is </w><w c5="AT0" hw="a" pos="ART">a </w><w c5="NN1" hw="mix" pos="SUBST">mix </w><w c5="PRF" hw="of" pos="PREP">of </w><w c5="NN1" hw="home" pos="SUBST">home </w><w c5="VVN" hw="make" pos="VERB">made </w><c c5="PUL">(</c><w c5="PRP" hw="like" pos="PREP">like </w><w c5="AJ0" hw="creamy" pos="ADJ">creamy </w><w c5="NN1" hw="vegetable" pos="SUBST">vegetable </w><w c5="NN1" hw="soup" pos="SUBST">soup</w><c c5="PUN">, </c><w c5="CJC" hw="or" pos="CONJ">or </w><w c5="AV0" hw="slightly" pos="ADV">slightly </w><w c5="AJ0" hw="over-heated" pos="ADJ">over-heated </w><corr sic="mousaka" resp="OUCS"> <w c5="NN1" hw="moussaka" pos="SUBST">moussaka </w></corr><c c5="PUR">) </c><w c5="CJC" hw="and" pos="CONJ">and </w><w c5="AJ0-AV0" hw="high" pos="ADJ">high </w><w c5="NN1-VVB" hw="grade" pos="SUBST">grade </w><w c5="AJ0" hw="bought-in" pos="ADJ">bought-in </w><w c5="NN1" hw="stuff" pos="SUBST">stuff </w><w c5="PRP" hw="like" pos="PREP">like </w><w c5="NN1" hw="chicken" pos="SUBST">chicken </w><w c5="NN2-VVZ" hw="nugget" pos="SUBST">nuggets </w><w c5="CJC" hw="and" pos="CONJ">and </w><w c5="NN1" hw="scampi" pos="SUBST">scampi</w><c c5="PUN">.</c></s>
<s n="37"><w c5="AJ0" hw="pleasant" pos="ADJ">Pleasant </w><w c5="NN2" hw="pudding" pos="SUBST">puddings </w><w c5="VVD" hw="seem" pos="VERB">seemed </w><w c5="XX0" hw="not" pos="ADV">not </w><w c5="TO0" hw="to" pos="PREP">to </w><w c5="VBI" hw="be" pos="VERB">be </w><w c5="NN1" hw="home" pos="SUBST">home </w><w c5="VVN" hw="make" pos="VERB">made </w><w c5="AV0" hw="either" pos="ADV">either</w><c c5="PUN">.</c></s></p><p>
<s n="38"><w c5="AT0" hw="a" pos="ART">A </w><w c5="AJ0" hw="short" pos="ADJ">short </w><w c5="NN2" hw="special" pos="SUBST">specials </w><w c5="VVB-NN1" hw="board" pos="VERB">board </w><w c5="AJ0-VVD" hw="offered" pos="ADJ">offered </w><w c5="NN2" hw="herring" pos="SUBST">herrings </w><w c5="PRP" hw="in" pos="PREP">in </w><w c5="NN1" hw="dill" pos="SUBST">dill </w><w c5="CJC" hw="or" pos="CONJ">or </w><w c5="NN1" hw="madeira" pos="SUBST">madeira </w><w c5="NN1" hw="sauce" pos="SUBST">sauce</w><c c5="PUN">, </c><w c5="AV0" hw="much" pos="ADV">much </w><w c5="VVN-VVD" hw="enjoy" pos="VERB">enjoyed</w><c c5="PUN">, </c><w c5="NN1" hw="cottage" pos="SUBST">cottage </w><w c5="NN1" hw="pie" pos="SUBST">pie </w><w c5="CJC" hw="and" pos="CONJ">and </w><w c5="NN1" hw="beef" pos="SUBST">beef </w><w c5="NN1" hw="curry" pos="SUBST">curry</w><c c5="PUN">.</c></s></p><p>
<s n="39"><w c5="NP0" hw="theakston" pos="SUBST">Theakston</w><w c5="POS" hw="'s" pos="UNC">'s </w><w c5="CJC" hw="and" pos="CONJ">and </w><w c5="NP0" hw="webster" pos="SUBST">Webster</w><w c5="POS" hw="'s" pos="UNC">'s </w><w c5="NN1" hw="ale" pos="SUBST">ale </w><w c5="VBZ" hw="be" pos="VERB">is </w><w c5="PRP" hw="in" pos="PREP">in </w><w c5="AJ0" hw="excellent" pos="ADJ">excellent </w><w c5="NN1" hw="nick" pos="SUBST">nick</w><c c5="PUN">, </c><w c5="EX0" hw="there" pos="PRON">there</w><w c5="VBZ" hw="be" pos="VERB">'s </w><w c5="AT0" hw="a" pos="ART">a </w><w c5="AJ0" hw="handsome" pos="ADJ">handsome </w><w c5="NN1" hw="stove" pos="SUBST">stove </w><w c5="NN1" hw="fire" pos="SUBST">fire </w><w c5="CJC" hw="and" pos="CONJ">and </w><w c5="AT0" hw="a" pos="ART">a </w><w c5="NN1" hw="notice" pos="SUBST">notice </w><w c5="VVG-NN1" hw="advertise" pos="VERB">advertising </w><w c5="AT0" hw="a" pos="ART">a </w><w c5="NN1" hw="charabanc" pos="SUBST">charabanc </w><w c5="NN1" hw="trip" pos="SUBST">trip </w><w c5="PRP" hw="to" pos="PREP">to </w><w c5="NP0" hw="middlesbrough" pos="SUBST">Middlesbrough </w><w c5="NN1-VVB" hw="guide" pos="SUBST">guide </w><w c5="NN1" hw="dog" pos="SUBST">dog </w><w c5="NN1" hw="centre" pos="SUBST">centre</w><c c5="PUN">.</c></s></p><p>
<s n="40"><w c5="AJ0" hw="abundant" pos="ADJ">Abundant </w><w c5="NN1" hw="evidence" pos="SUBST">evidence </w><w c5="VVZ" hw="suggest" pos="VERB">suggests </w><w c5="CJT" hw="that" pos="CONJ">that </w><w c5="AT0" hw="the" pos="ART">the </w><w c5="NN1" hw="landlord" pos="SUBST">landlord </w><w c5="VBZ" hw="be" pos="VERB">is </w><w c5="AT0" hw="a" pos="ART">a </w><w c5="NN1" hw="rugby" pos="SUBST">rugby </w><w c5="NN1-VVB" hw="buff" pos="SUBST">buff </w><w c5="DPS" hw="he" pos="PRON">his </w><w c5="NN1" hw="son" pos="SUBST">son </w><w c5="VVZ-NN2" hw="play" pos="VERB">plays </w><w c5="PRP" hw="for" pos="PREP">for </w><w c5="NP0" hw="waterloo" pos="SUBST">Waterloo </w><w c5="CJC" hw="and" pos="CONJ">and </w><w c5="PNP" hw="he" pos="PRON">he </w><w c5="AV0" hw="also" pos="ADV">also </w><w c5="VVZ" hw="keep" pos="VERB">keeps </w><w c5="CRD" hw="60" pos="ADJ">60 </w><w c5="CJC" hw="or" pos="CONJ">or </w><w c5="CRD" hw="70" pos="ADJ">70 </w><w c5="NN1" hw="malt" pos="SUBST">malt </w><w c5="NN2" hw="whisky" pos="SUBST">whiskies</w><c c5="PUN">, </c><w c5="PRP" hw="on" pos="PREP">on </w><w c5="AT0" hw="a" pos="ART">a </w><w c5="NN1" hw="shelf" pos="SUBST">shelf </w><w c5="PRP" hw="with" pos="PREP">with </w><w c5="AT0" hw="the" pos="ART">the </w><w c5="NN1" hw="sub-title" pos="SUBST">sub-title </w><c c5="PUQ">‘</c><w c5="NN1" hw="medicine" pos="SUBST">Medicine </w><w c5="PRP" hw="for" pos="PREP">for </w><w c5="NN2" hw="man" pos="SUBST">men</w><c c5="PUN">.</c><c c5="PUQ">’</c></s></p><p>
<s n="41"><w c5="CRD" hw="one" pos="ADJ">One </w><w c5="PRF" hw="of" pos="PREP">of </w><w c5="AT0" hw="the" pos="ART">the </w><w c5="NN2" hw="whisky" pos="SUBST">whiskies </w><w c5="VBZ" hw="be" pos="VERB">is </w><w c5="VVN" hw="call" pos="VERB">called </w><w c5="NN0" hw="sheep" pos="SUBST">Sheep </w><w c5="VVB" hw="dip" pos="VERB">Dip</w><c c5="PUN">.</c></s>
<s n="42"><w c5="AJ0" hw="golden" pos="ADJ">Golden </w><w c5="NN2" hw="eagle" pos="SUBST">eagles</w><c c5="PUN">, </c><w c5="VVB" hw="see" pos="VERB">see </w><w c5="AV0" hw="above" pos="ADV">above</w><c c5="PUN">, </c><w c5="VM0" hw="would" pos="VERB">would </w><w c5="AV0" hw="alone" pos="ADV">alone </w><w c5="VBI" hw="be" pos="VERB">be </w><w c5="VVN" hw="advise" pos="VERB">advised </w><w c5="TO0" hw="to" pos="PREP">to </w><w c5="VVI" hw="land" pos="VERB">land </w><w c5="AV0" hw="elsewhere" pos="ADV">elsewhere</w><c c5="PUN">.</c></s></p></div><div level="1"><p>
<s n="43"><w c5="AJ0" hw="golden" pos="ADJ">GOLDEN </w><w c5="NN1" hw="eagle" pos="SUBST">EAGLE</w><c c5="PUN">: </c><w c5="NN1" hw="raptor" pos="SUBST">raptor </w><w c5="PRP" hw="with" pos="PREP">with </w><w c5="CRD" hw="two" pos="ADJ">two </w><w c5="NN1" hw="metre" pos="SUBST">metre </w><w c5="NN1" hw="wing" pos="SUBST">wing </w><w c5="NN1-VVB" hw="span" pos="SUBST">span</w><c c5="PUN">, </c><w c5="AV0" hw="now" pos="ADV">now </w><w c5="VVN" hw="confine" pos="VERB">confined </w><w c5="PRP" hw="to" pos="PREP">to </w><w c5="NP0" hw="scotland" pos="SUBST">Scotland </w><w c5="CJC" hw="and" pos="CONJ">and </w><w c5="AV0" hw="increasingly" pos="ADV">increasingly </w><w c5="AJ0" hw="rare" pos="ADJ">rare</w><c c5="PUN">.</c></s>
<s n="44"><w c5="NN2-VVZ" hw="feed" pos="SUBST">Feeds </w><w c5="PRP" hw="on" pos="PREP">on </w><w c5="NN2" hw="hare" pos="SUBST">hares</w><c c5="PUN">, </c><w c5="NN2" hw="rabbit" pos="SUBST">rabbits</w><c c5="PUN">, </c><w c5="NN0" hw="grouse" pos="SUBST">grouse </w><w c5="CJC" hw="and" pos="CONJ">and </w><w c5="NN1" hw="carrion" pos="SUBST">carrion</w><c c5="PUN">, </c><w c5="AV0" hw="especially" pos="ADV">especially </w><w c5="NN0" hw="sheep" pos="SUBST">sheep</w><c c5="PUN">.</c></s>
<s n="45"><w c5="DT0" hw="that" pos="ADJ">That </w><w c5="NN0" hw="sheep" pos="SUBST">sheep </w><w c5="VVB-NN1" hw="dip" pos="VERB">dip </w><w c5="VBZ" hw="be" pos="VERB">is </w><w c5="AV0" hw="singularly" pos="ADV">singularly </w><w c5="AJ0" hw="disagreeable" pos="ADJ">disagreeable </w><w c5="PRP" hw="to" pos="PREP">to </w><w c5="AT0" hw="a" pos="ART">a </w><w c5="AJ0" hw="golden" pos="ADJ">golden </w><w c5="NN1" hw="eagle" pos="SUBST">eagle </w><w c5="VBZ" hw="be" pos="VERB">is </w><w c5="CRD" hw="one" pos="ADJ">one </w><w c5="NN1" hw="reason" pos="SUBST">reason </w><w c5="PRP" hw="for" pos="PREP">for </w><w c5="DPS" hw="it" pos="PRON">its </w><w c5="NN1" hw="rarity" pos="SUBST">rarity</w><c c5="PUN">.</c></s></p></div><div level="1"><p>
<s n="46"><w c5="NP0-NN1" hw="teesside" pos="SUBST">TEESSIDE </w><w c5="VBZ" hw="be" pos="VERB">is </w><w c5="TO0" hw="to" pos="PREP">to </w><w c5="VHI" hw="have" pos="VERB">have </w><w c5="AT0" hw="an" pos="ART">an </w><w c5="NN0" hw="£11m." pos="UNC">£11m.</w><c c5="PUN">, </c><w c5="UNC" hw="2,500-acre" pos="UNC">2,500-acre </w><w c5="AJ0" hw="international" pos="ADJ">International </w><w c5="NN1" hw="nature" pos="SUBST">Nature </w><w c5="NN1" hw="reserve" pos="SUBST">Reserve </w><w c5="PRP" hw="as" pos="PREP">as </w><w c5="NN1" hw="part" pos="SUBST">part </w><w c5="PRF" hw="of" pos="PREP">of </w><w c5="NP0-NN1" hw="teesside" pos="SUBST">Teesside </w><w c5="NN1" hw="development" pos="SUBST">Development </w><w c5="NN1" hw="corporation" pos="SUBST">Corporation</w><w c5="POS" hw="'s" pos="UNC">'s </w><w c5="NN1" hw="regeneration" pos="SUBST">regeneration </w><w c5="PRF" hw="of" pos="PREP">of </w><w c5="AT0" hw="the" pos="ART">the </w><w c5="AJC" hw="low" pos="ADJ">lower </w><w c5="NP0" hw="tees" pos="SUBST">Tees </w><w c5="CJC" hw="and" pos="CONJ">and </w><w c5="DPS" hw="it" pos="PRON">its </w><w c5="NN1" hw="estuary" pos="SUBST">estuary</w><c c5="PUN">.</c></s></p><p>
<s n="47"><w c5="PNP" hw="it" pos="PRON">It </w><w c5="VM0" hw="will" pos="VERB">will </w><w c5="VBI" hw="be" pos="VERB">be </w><w c5="AT0" hw="the" pos="ART">the </w><w c5="AJS" hw="large" pos="ADJ">largest </w><w c5="AJ0" hw="man-made" pos="ADJ">man-made </w><w c5="NN1" hw="nature" pos="SUBST">nature </w><w c5="NN1" hw="reserve" pos="SUBST">reserve </w><w c5="PRP" hw="in" pos="PREP">in </w><w c5="AT0" hw="the" pos="ART">the </w><w c5="NP0" hw="united" pos="SUBST">United </w><w c5="NP0" hw="kingdom" pos="SUBST">Kingdom</w><c c5="PUN">, </c><w c5="VVN-VVD" hw="design" pos="VERB">designed </w><w c5="TO0" hw="to" pos="PREP">to </w><w c5="VVI" hw="provide" pos="VERB">provide </w><w c5="AJ0" hw="ideal" pos="ADJ">ideal </w><w c5="NN2" hw="condition" pos="SUBST">conditions </w><w c5="PRP" hw="in" pos="PREP">in </w><w c5="DTQ" hw="which" pos="PRON">which </w><w c5="NN2" hw="bird" pos="SUBST">birds</w><c c5="PUN">, </c><w c5="NN0" hw="fish" pos="SUBST">fish </w><w c5="CJC" hw="and" pos="CONJ">and </w><w c5="AJ0" hw="wild" pos="ADJ">wild </w><w c5="NN2" hw="plant" pos="SUBST">plants </w><w c5="VM0" hw="will" pos="VERB">will </w><w c5="VVI" hw="thrive" pos="VERB">thrive</w><c c5="PUN">.</c></s></p><p>
<s n="48"><w c5="CJC" hw="and" pos="CONJ">And </w><w c5="AT0" hw="the" pos="ART">the </w><w c5="AJ0" hw="national" pos="ADJ">National </w><w c5="NN2" hw="river" pos="SUBST">Rivers </w><w c5="NN1" hw="authority" pos="SUBST">Authority </w><w c5="VHZ" hw="have" pos="VERB">has </w><w c5="VVN" hw="pledge" pos="VERB">pledged </w><w c5="TO0" hw="to" pos="PREP">to </w><w c5="VVI" hw="introduce" pos="VERB">introduce </w><w c5="CRD" hw="200,000" pos="ADJ">200,000 </w><w c5="NN0" hw="salmon" pos="SUBST">salmon </w><w c5="AT0" hw="a" pos="ART">a </w><w c5="NN1" hw="year" pos="SUBST">year </w><w c5="PRP" hw="for" pos="PREP">for </w><w c5="AT0" hw="the" pos="ART">the </w><w c5="ORD" hw="next" pos="ADJ">next </w><w c5="CRD" hw="four" pos="ADJ">four </w><w c5="NN2" hw="year" pos="SUBST">years </w><w c5="PRP" hw="into" pos="PREP">into </w><w c5="AT0" hw="the" pos="ART">the </w><w c5="AJ0" hw="cleaned-up" pos="ADJ">cleaned-up </w><w c5="NP0" hw="river" pos="SUBST">River </w><w c5="NP0" hw="tees" pos="SUBST">Tees </w><w c5="AT0" hw="the" pos="ART">the </w><w c5="ORD" hw="first" pos="ADJ">first </w><w c5="NN1" hw="time" pos="SUBST">time </w><w c5="AT0" hw="the" pos="ART">the </w><w c5="NN0" hw="fish" pos="SUBST">fish </w><w c5="VHB" hw="have" pos="VERB">have </w><w c5="VBN" hw="be" pos="VERB">been </w><w c5="PRP" hw="in" pos="PREP">in </w><w c5="AT0" hw="the" pos="ART">the </w><w c5="NN1" hw="river" pos="SUBST">river </w><w c5="PRP" hw="in" pos="PREP">in </w><w c5="DT0" hw="any" pos="ADJ">any </w><w c5="NN2" hw="number" pos="SUBST">numbers </w><w c5="PRP" hw="in" pos="PREP">in </w><w c5="AT0" hw="the" pos="ART">the </w><w c5="ORD" hw="last" pos="ADJ">last </w><w c5="CRD" hw="30" pos="ADJ">30 </w><w c5="NN2" hw="year" pos="SUBST">years</w><c c5="PUN">.</c></s></p><p>
<s n="49"><w c5="AT0" hw="the" pos="ART">The </w><w c5="AJ0" hw="multi-million" pos="ADJ">multi-million </w><w c5="NN1" hw="scheme" pos="SUBST">scheme </w><w c5="VBD" hw="be" pos="VERB">was </w><w c5="VVN" hw="announce" pos="VERB">announced </w><w c5="PRP" hw="on" pos="PREP">on </w><w c5="NP0" hw="monday" pos="SUBST">Monday </w><w c5="DT0" hw="this" pos="ADJ">this </w><w c5="NN1" hw="week" pos="SUBST">week </w><w c5="PRP" hw="by" pos="PREP">by </w><w c5="NN1" hw="environment" pos="SUBST">Environment </w><w c5="NN1-NP0" hw="secretary" pos="SUBST">Secretary </w><w c5="NP0" hw="michael" pos="SUBST">Michael </w><w c5="NP0" hw="heseltine" pos="SUBST">Heseltine</w><c c5="PUN">, </c><w c5="VVN" hw="back" pos="VERB">backed </w><w c5="PRP" hw="by" pos="PREP">by </w><w c5="DPS" hw="he" pos="PRON">his </w><w c5="NN1" hw="minister" pos="SUBST">Minister </w><w c5="PRF" hw="of" pos="PREP">of </w><w c5="NN1-NP0" hw="state" pos="SUBST">State</w><c c5="PUN">, </c><w c5="NP0" hw="david" pos="SUBST">David </w><w c5="NP0" hw="trippier" pos="SUBST">Trippier</w><c c5="PUN">; </c><w c5="NP0" hw="prof" pos="SUBST">Prof </w><w c5="NP0" hw="david" pos="SUBST">David </w><w c5="NP0" hw="bellamy" pos="SUBST">Bellamy</w><c c5="PUN">; </c><w c5="NP0" hw="sir" pos="SUBST">Sir </w><w c5="NP0" hw="david" pos="SUBST">David </w><w c5="NP0" hw="attenborough" pos="SUBST">Attenborough</w><c c5="PUN">, </c><w c5="NN1" hw="president" pos="SUBST">President </w><w c5="PRF" hw="of" pos="PREP">of </w><w c5="AT0" hw="the" pos="ART">the </w><w c5="AJ0" hw="royal" pos="ADJ">Royal </w><w c5="NN1" hw="society" pos="SUBST">Society </w><w c5="PRP" hw="for" pos="PREP">for </w><w c5="NN1" hw="nature" pos="SUBST">Nature </w><w c5="NN1-NP0" hw="conservancy" pos="SUBST">Conservancy</w><c c5="PUN">; </c><w c5="NP0" hw="lord" pos="SUBST">Lord </w><w c5="NP0" hw="crickhowell" pos="SUBST">Crickhowell</w><c c5="PUN">, </c><w c5="NN1" hw="chairman" pos="SUBST">chairman </w><w c5="PRF" hw="of" pos="PREP">of </w><w c5="AT0" hw="the" pos="ART">the </w><w c5="AJ0" hw="national" pos="ADJ">National </w><w c5="NN2" hw="river" pos="SUBST">Rivers </w><w c5="NN1" hw="authority" pos="SUBST">Authority</w><c c5="PUN">, </c><w c5="CJC" hw="and" pos="CONJ">and </w><w c5="NP0" hw="ron" pos="SUBST">Ron </w><w c5="NP0" hw="norman" pos="SUBST">Norman </w><w c5="CJC" hw="and" pos="CONJ">and </w><w c5="NP0" hw="duncan" pos="SUBST">Duncan </w><w c5="NN1" hw="hall" pos="SUBST">Hall</w><c c5="PUN">, </c><w c5="NN1" hw="chairman" pos="SUBST">chairman </w><w c5="CJC" hw="and" pos="CONJ">and </w><w c5="AJ0" hw="chief" pos="ADJ">chief </w><w c5="NN1" hw="executive" pos="SUBST">executive </w><w c5="AV0" hw="respectively" pos="ADV">respectively </w><w c5="PRF" hw="of" pos="PREP">of </w><w c5="AT0" hw="the" pos="ART">the </w><w c5="NN1-NP0" hw="teesside" pos="SUBST">Teesside </w><w c5="NN1" hw="development" pos="SUBST">Development </w><w c5="NN1" hw="corporation" pos="SUBST">Corporation</w><c c5="PUN">.</c></s></p><p>
<s n="50"><w c5="AT0" hw="the" pos="ART">The </w><w c5="NN1" hw="scheme" pos="SUBST">scheme </w><w c5="VBZ" hw="be" pos="VERB">is </w><w c5="VBG" hw="be" pos="VERB">being </w><w c5="VVN" hw="launch" pos="VERB">launched </w><w c5="PRP" hw="on" pos="PREP">on </w><w c5="NN1" hw="land" pos="SUBST">land </w><w c5="AV0" hw="formerly" pos="ADV">formerly </w><w c5="VVN" hw="own" pos="VERB">owned </w><w c5="PRP" hw="by" pos="PREP">by </w><w c5="NP0" hw="ici" pos="SUBST">ICI</w><c c5="PUN">.</c></s></p><p>
<s n="51"><w c5="PRP" hw="within" pos="PREP">Within </w><w c5="AT0" hw="the" pos="ART">the </w><w c5="NN1-NP0" hw="teesside" pos="SUBST">Teesside </w><w c5="NN1" hw="redevelopment" pos="SUBST">redevelopment </w><w c5="NN1-VVB" hw="project" pos="SUBST">project </w><w c5="EX0" hw="there" pos="PRON">there </w><w c5="VBZ" hw="be" pos="VERB">is </w><w c5="AV0" hw="also" pos="ADV">also </w><w c5="AT0" hw="the" pos="ART">the </w><w c5="NP0" hw="tees" pos="SUBST">Tees </w><w c5="NN1" hw="barrage" pos="SUBST">Barrage</w><c c5="PUN">, </c><w c5="DTQ" hw="which" pos="PRON">which </w><w c5="VM0" hw="will" pos="VERB">will </w><w c5="VVI" hw="create" pos="VERB">create </w><w c5="CRD" hw="11" pos="ADJ">11 </w><w c5="NN2" hw="mile" pos="SUBST">miles </w><w c5="PRF" hw="of" pos="PREP">of </w><w c5="AJ0" hw="clean" pos="ADJ">clean</w><c c5="PUN">, </c><w c5="AJ0" hw="tide-free" pos="ADJ">tide-free </w><w c5="NN1" hw="water" pos="SUBST">water </w><w c5="AV0" hw="upstream" pos="ADV">upstream </w><w c5="PRF" hw="of" pos="PREP">of </w><w c5="NP0" hw="teesdale" pos="SUBST">Teesdale</w><c c5="PUN">, </c><w c5="AVQ" hw="where" pos="ADV">where </w><w c5="AT0" hw="the" pos="ART">the </w><w c5="NP0" hw="tdc" pos="SUBST">TDC </w><w c5="VHZ" hw="have" pos="VERB">has </w><w c5="DPS" hw="it" pos="PRON">its </w><w c5="NN0" hw="headquarters" pos="SUBST">headquarters</w><c c5="PUN">, </c><w c5="CJC" hw="and" pos="CONJ">and </w><w c5="CJS" hw="where" pos="CONJ">where </w><w c5="AT0" hw="the" pos="ART">the </w><w c5="AJ0" hw="new" pos="ADJ">new </w><w c5="AJ0" hw="joint" pos="ADJ">Joint </w><w c5="NN1" hw="university" pos="SUBST">University </w><w c5="NN1" hw="college" pos="SUBST">College</w><c c5="PUN">, </c><w c5="DTQ" hw="which" pos="PRON">which </w><w c5="VBZ" hw="be" pos="VERB">is </w><w c5="TO0" hw="to" pos="PREP">to </w><w c5="VVI" hw="specialise" pos="VERB">specialise </w><w c5="PRP-AVP" hw="in" pos="PREP">in </w><w c5="AJ0" hw="environmental" pos="ADJ">environmental </w><w c5="NN2" hw="course" pos="SUBST">courses</w><c c5="PUN">, </c><w c5="VBZ" hw="be" pos="VERB">is </w><w c5="VVN" hw="site" pos="VERB">sited</w><c c5="PUN">.</c></s>
<s n="52"><w c5="AV0" hw="also" pos="ADV">Also</w><c c5="PUN">, </c><w c5="NP0" hw="teesdale" pos="SUBST">Teesdale</w><c c5="PUN">, </c><w c5="PRP" hw="with" pos="PREP">with </w><w c5="DPS" hw="it" pos="PRON">its </w><w c5="NN2" hw="view" pos="SUBST">views </w><w c5="PRF" hw="of" pos="PREP">of </w><w c5="AT0" hw="the" pos="ART">the </w><w c5="AJ0-VVN" hw="revitalised" pos="ADJ">revitalised </w><w c5="NP0" hw="tees" pos="SUBST">Tees</w><c c5="PUN">, </c><w c5="VM0" hw="will" pos="VERB">will </w><w c5="VBI" hw="be" pos="VERB">be </w><w c5="AT0" hw="an" pos="ART">an </w><w c5="AJ0" hw="appropriate" pos="ADJ">appropriate </w><w c5="NN1" hw="home" pos="SUBST">home </w><w c5="PRP" hw="to" pos="PREP">to </w><w c5="DPS" hw="she" pos="PRON">Her </w><w c5="NN1" hw="majesty" pos="SUBST">Majesty</w><w c5="POS" hw="'s" pos="UNC">'s </w><w c5="NN1" hw="inspectorate" pos="SUBST">Inspectorate </w><w c5="PRF" hw="of" pos="PREP">of </w><w c5="NN1" hw="pollution" pos="SUBST">Pollution </w><w c5="PRP" hw="from" pos="PREP">from </w><w c5="NP0" hw="may" pos="SUBST">May </w><w c5="DT0" hw="this" pos="ADJ">this </w><w c5="NN1" hw="year" pos="SUBST">year</w><c c5="PUN">.</c></s></p><p>
<s n="53"><w c5="AT0" hw="the" pos="ART">The </w><w c5="AJ0" hw="new" pos="ADJ">new </w><w c5="NN1" hw="nature" pos="SUBST">nature </w><w c5="NN1" hw="reserve" pos="SUBST">reserve </w><w c5="VM0" hw="will" pos="VERB">will </w><w c5="VBI" hw="be" pos="VERB">be </w><w c5="AT0" hw="the" pos="ART">the </w><w c5="NN1" hw="area" pos="SUBST">area </w><w c5="PRF" hw="of" pos="PREP">of </w><w c5="NP0" hw="middlesbrough" pos="SUBST">Middlesbrough </w><w c5="CJC" hw="and" pos="CONJ">and </w><mw c5="AV0"><w c5="AV0" hw="more" pos="ADV">more </w><w c5="CJS" hw="than" pos="CONJ">than </w></mw><w c5="CRD" hw="seven" pos="ADJ">seven </w><w c5="NN2" hw="time" pos="SUBST">times </w><w c5="AT0" hw="the" pos="ART">the </w><w c5="NN1" hw="size" pos="SUBST">size </w><w c5="PRF" hw="of" pos="PREP">of </w><w c5="NP0" hw="hyde" pos="SUBST">Hyde </w><w c5="NN1" hw="park" pos="SUBST">Park</w><c c5="PUN">.</c></s></p><p>
<s n="54"><w c5="PNP" hw="it" pos="PRON">It </w><w c5="VM0" hw="will" pos="VERB">will </w><w c5="VVI" hw="create" pos="VERB">create </w><w c5="AJ0" hw="new" pos="ADJ">new </w><w c5="AJ0" hw="natural" pos="ADJ">natural </w><w c5="NN2" hw="habitat" pos="SUBST">habitats </w><w c5="PRP" hw="in" pos="PREP">in </w><w c5="NN2" hw="reedbed" pos="SUBST">reedbeds</w><c c5="PUN">, </c><w c5="NN2" hw="grassland" pos="SUBST">grasslands</w><c c5="PUN">, </c><w c5="VVB-NN1" hw="swamp" pos="VERB">swamp</w><c c5="PUN">, </c><w c5="NN1" hw="saltmarsh" pos="SUBST">saltmarsh</w><c c5="PUN">, </c><w c5="NN1" hw="water" pos="SUBST">water </w><w c5="CJC" hw="and" pos="CONJ">and </w><w c5="NN2" hw="woodland" pos="SUBST">woodlands</w><c c5="PUN">.</c></s>
<s n="55"><w c5="CJC" hw="and" pos="CONJ">And </w><w c5="DT0" hw="this" pos="ADJ">this </w><w c5="AJ0" hw="priceless" pos="ADJ">priceless </w><w c5="NN1" hw="asset" pos="SUBST">asset </w><w c5="VM0" hw="would" pos="VERB">would </w><w c5="VVI" hw="qualify" pos="VERB">qualify </w><w c5="PRP" hw="for" pos="PREP">for </w><w c5="AJ0" hw="united" pos="ADJ">United </w><w c5="NN2" hw="nation" pos="SUBST">Nations </w><w c5="NN1" hw="recognition" pos="SUBST">recognition </w><w c5="PRP" hw="as" pos="PREP">as </w><w c5="AT0" hw="an" pos="ART">an </w><w c5="AJ0" hw="international" pos="ADJ">International </w><w c5="NN1" hw="biosphere" pos="SUBST">Biosphere </w><w c5="NN1-VVB" hw="reserve" pos="SUBST">Reserve</w><c c5="PUN">.</c></s></p><p>
<s n="56"><w c5="VVN" hw="situate" pos="VERB">Situated </w><w c5="PRP" hw="on" pos="PREP">on </w><w c5="AT0" hw="the" pos="ART">the </w><w c5="NP0" hw="tees" pos="SUBST">Tees </w><w c5="NN1" hw="estuary" pos="SUBST">estuary</w><c c5="PUN">, </c><w c5="AT0" hw="the" pos="ART">the </w><w c5="NN1" hw="area" pos="SUBST">area </w><w c5="VBZ" hw="be" pos="VERB">is </w><w c5="AV0" hw="already" pos="ADV">already </w><w c5="AT0" hw="an" pos="ART">an </w><w c5="AJ0" hw="internationally-famous" pos="ADJ">internationally-famous </w><w c5="NN1-NP0" hw="ramscar" pos="SUBST">Ramscar </w><w c5="NN1" hw="class" pos="SUBST">class </w><w c5="NN1" hw="wetland" pos="SUBST">wetland </w><w c5="NN1" hw="refuge" pos="SUBST">refuge </w><w c5="PRP" hw="for" pos="PREP">for </w><w c5="NN2" hw="bird" pos="SUBST">birds</w><c c5="PUN">, </c><w c5="NN2" hw="wader" pos="SUBST">waders </w><w c5="CJC" hw="and" pos="CONJ">and </w><w c5="NN0" hw="wildfowl" pos="SUBST">wildfowl</w><c c5="PUN">.</c></s>
<s n="57"><w c5="PNP" hw="it" pos="PRON">It </w><w c5="VVZ" hw="attract" pos="VERB">attracts </w><w c5="AJ0" hw="significant" pos="ADJ">significant </w><w c5="NN2" hw="number" pos="SUBST">numbers </w><w c5="PRF" hw="of" pos="PREP">of </w><w c5="NN0" hw="species" pos="SUBST">species </w><w c5="PRP" hw="including" pos="PREP">including </w><w c5="AT0" hw="the" pos="ART">the </w><w c5="NN1" hw="shelduck" pos="SUBST">shelduck</w><c c5="PUN">, </c><w c5="VVG" hw="sanderl" pos="VERB">sanderling</w><c c5="PUN">, </c><w c5="NN1-VVB" hw="redshank" pos="SUBST">redshank </w><w c5="CJC" hw="and" pos="CONJ">and </w><w c5="AJ0" hw="grey" pos="ADJ">grey </w><w c5="NN1" hw="plover" pos="SUBST">plover</w><c c5="PUN">.</c></s></p><p>
<s n="58"><w c5="DPS" hw="it" pos="PRON">Its </w><w c5="NN1" hw="importance" pos="SUBST">importance </w><w c5="VM0" hw="will" pos="VERB">will </w><w c5="VVI" hw="grow" pos="VERB">grow </w><w c5="CJS" hw="as" pos="CONJ">as </w><w c5="AT0" hw="the" pos="ART">the </w><w c5="NN1" hw="reserve" pos="SUBST">reserve </w><w c5="VVZ" hw="take" pos="VERB">takes </w><w c5="NN1" hw="shape" pos="SUBST">shape </w><w c5="CJC" hw="and" pos="CONJ">and </w><w c5="VVZ" hw="provide" pos="VERB">provides </w><w c5="AV0" hw="even" pos="ADV">even </w><w c5="DT0" hw="more" pos="ADJ">more </w><w c5="PRF" hw="of" pos="PREP">of </w><w c5="AT0" hw="the" pos="ART">the </w><w c5="AJ0-NN1" hw="right" pos="ADJ">right </w><w c5="NN2" hw="habitat" pos="SUBST">habitats </w><w c5="PRP" hw="for" pos="PREP">for </w><w c5="NN1" hw="wildlife" pos="SUBST">wildlife </w><w c5="CJC" hw="and" pos="CONJ">and </w><w c5="AJ0" hw="wild" pos="ADJ">wild </w><w c5="NN2" hw="plant" pos="SUBST">plants</w><c c5="PUN">.</c></s></p><p>
<s n="59"><w c5="AT0" hw="the" pos="ART">The </w><w c5="AJ0" hw="international" pos="ADJ">International </w><w c5="NN1" hw="nature" pos="SUBST">Nature </w><w c5="NN1" hw="reserve" pos="SUBST">Reserve </w><w c5="VBZ" hw="be" pos="VERB">is </w><w c5="PRP" hw="for" pos="PREP">for </w><w c5="AT0" hw="the" pos="ART">the </w><w c5="NN1" hw="benefit" pos="SUBST">benefit </w><w c5="PRF" hw="of" pos="PREP">of </w><w c5="AT0" hw="the" pos="ART">the </w><w c5="NN1-NP0" hw="teesside" pos="SUBST">Teesside </w><w c5="NN1" hw="community" pos="SUBST">community </w><w c5="CJC" hw="and" pos="CONJ">and </w><w c5="AV0" hw="beyond" pos="ADV">beyond</w><c c5="PUN">.</c></s>
<s n="60"><w c5="PNP" hw="it" pos="PRON">It </w><w c5="VHZ" hw="have" pos="VERB">has </w><w c5="VBN" hw="be" pos="VERB">been </w><w c5="AV0" hw="carefully" pos="ADV">carefully </w><w c5="VVN" hw="design" pos="VERB">designed </w><w c5="TO0" hw="to" pos="PREP">to </w><w c5="VVI" hw="develop" pos="VERB">develop </w><w c5="CJC" hw="and" pos="CONJ">and </w><w c5="VVI" hw="protect" pos="VERB">protect </w><w c5="NN1" hw="wildlife" pos="SUBST">wildlife </w><w c5="CJC" hw="and" pos="CONJ">and </w><w c5="NN2" hw="plant" pos="SUBST">plants </w><w c5="CJS" hw="while" pos="CONJ">while </w><w c5="VVG" hw="attract" pos="VERB">attracting </w><w c5="DT0" hw="many" pos="ADJ">many </w><w c5="CRD" hw="thousands" pos="ADJ">thousands </w><w c5="PRF" hw="of" pos="PREP">of </w><w c5="NN2" hw="visitor" pos="SUBST">visitors</w><c c5="PUN">.</c></s></p><p>
<s n="61"><w c5="PNP" hw="it" pos="PRON">It </w><w c5="VHZ" hw="have" pos="VERB">has </w><w c5="VVN" hw="take" pos="VERB">taken </w><w c5="AT0" hw="the" pos="ART">the </w><w c5="AJS" hw="good" pos="ADJ">best </w><w c5="NN2" hw="element" pos="SUBST">elements </w><w c5="PRP" hw="from" pos="PREP">from </w><w c5="DT0" hw="several" pos="ADJ">several </w><w c5="AJ0" hw="dutch" pos="ADJ">Dutch </w><w c5="NN2" hw="scheme" pos="SUBST">schemes </w><w c5="AT0" hw="the" pos="ART">the </w><w c5="NN1-AJ0" hw="dutch" pos="SUBST">Dutch </w><w c5="VBG" hw="be" pos="VERB">being </w><w c5="VVN" hw="recognise" pos="VERB">recognised </w><w c5="PRP" hw="as" pos="PREP">as </w><w c5="AT0" hw="the" pos="ART">the </w><w c5="NN2" hw="expert" pos="SUBST">experts </w><w c5="PRP" hw="in" pos="PREP">in </w><w c5="VVG" hw="create" pos="VERB">creating </w><w c5="NN1" hw="wetland" pos="SUBST">wetland </w><w c5="NN1" hw="nature" pos="SUBST">nature </w><w c5="NN2" hw="reserve" pos="SUBST">reserves</w><c c5="PUN">.</c></s></p><p>
<s n="62"><w c5="AT0" hw="the" pos="ART">The </w><w c5="NN1" hw="launch" pos="SUBST">launch </w><w c5="PRF" hw="of" pos="PREP">of </w><w c5="AT0" hw="the" pos="ART">the </w><w c5="UNC" hw="2,500-acre" pos="UNC">2,500-acre </w><w c5="NN1" hw="nature" pos="SUBST">nature </w><w c5="NN1" hw="reserve" pos="SUBST">reserve </w><w c5="VBZ" hw="be" pos="VERB">is </w><w c5="AT0" hw="a" pos="ART">a </w><w c5="AJ0" hw="giant" pos="ADJ">giant </w><w c5="NN1" hw="step" pos="SUBST">step </w><w c5="PRP" hw="in" pos="PREP">in </w><w c5="AT0" hw="the" pos="ART">the </w><w c5="NN1" hw="creation" pos="SUBST">creation </w><w c5="PRF" hw="of" pos="PREP">of </w><w c5="AT0" hw="a" pos="ART">a </w><w c5="AJ0" hw="new" pos="ADJ">new </w><w c5="NN1" hw="environment" pos="SUBST">environment </w><w c5="PRP" hw="on" pos="PREP">on </w><w c5="NP0-NN1" hw="teesside" pos="SUBST">Teesside</w><c c5="PUN">, </c><w c5="CJC" hw="and" pos="CONJ">and </w><w c5="PRP" hw="as" pos="PREP">as </w><w c5="NN1" hw="part" pos="SUBST">part </w><w c5="PRF" hw="of" pos="PREP">of </w><w c5="AT0" hw="the" pos="ART">the </w><w c5="AJ0" hw="urban" pos="ADJ">urban </w><w c5="NN1" hw="regeneration" pos="SUBST">regeneration </w><w c5="PRF" hw="of" pos="PREP">of </w><w c5="NN1-NP0" hw="teesside" pos="SUBST">Teesside </w><w c5="PNP" hw="it" pos="PRON">it </w><w c5="VBZ" hw="be" pos="VERB">is </w><w c5="NN1" hw="change" pos="SUBST">change </w><w c5="PRP" hw="on" pos="PREP">on </w><w c5="AT0" hw="a" pos="ART">a </w><w c5="AJ0" hw="grand" pos="ADJ">grand </w><w c5="NN1" hw="scale" pos="SUBST">scale</w><c c5="PUN">.</c></s>
<s n="63"><w c5="PRP" hw="at" pos="PREP">At </w><w c5="AT0" hw="the" pos="ART">the </w><w c5="AJ0-NN1" hw="official" pos="ADJ">official </w><w c5="NN1-VVB" hw="launch" pos="SUBST">launch </w><w c5="PRP" hw="on" pos="PREP">on </w><w c5="NP0" hw="monday" pos="SUBST">Monday</w><c c5="PUN">, </c><w c5="NP0" hw="mr" pos="SUBST">Mr </w><w c5="NP0" hw="heseltine" pos="SUBST">Heseltine </w><w c5="VVD" hw="say" pos="VERB">said</w><c c5="PUN">: </c><c c5="PUQ">‘</c><mw c5="PRP"><w c5="AVP" hw="along" pos="ADV">Along </w><w c5="PRP" hw="with" pos="PREP">with </w></mw><w c5="AT0" hw="the" pos="ART">the </w><w c5="AJ0" hw="major" pos="ADJ">major </w><w c5="NN2" hw="initiative" pos="SUBST">initiatives</w><c c5="PUN">, </c><w c5="AT0" hw="the" pos="ART">the </w><w c5="AJ0" hw="local" pos="ADJ">local </w><w c5="NN2" hw="council" pos="SUBST">councils</w><c c5="PUN">, </c><w c5="NN2" hw="organisation" pos="SUBST">organisations </w><mw c5="PRP"><w c5="DT0" hw="such" pos="ADJ">such </w><w c5="PRP" hw="as" pos="PREP">as </w></mw><w c5="AT0" hw="the" pos="ART">the </w><w c5="NN1" hw="wildlife" pos="SUBST">Wildlife </w><w c5="NN1-VVB" hw="trust" pos="SUBST">Trust </w><w c5="CJC" hw="and" pos="CONJ">and </w><w c5="AT0" hw="the" pos="ART">the </w><w c5="NN1" hw="community" pos="SUBST">community </w><w c5="VBB" hw="be" pos="VERB">are </w><w c5="VVG" hw="work" pos="VERB">working </w><w c5="PRP" hw="towards" pos="PREP">towards </w><w c5="AT0" hw="a" pos="ART">a </w><w c5="AJ0" hw="new" pos="ADJ">new </w><w c5="NN1" hw="environment" pos="SUBST">environment</w><c c5="PUN">.</c></s></p><p>
<s n="64"><c c5="PUQ">‘</c><w c5="CJS" hw="when" pos="CONJ">When </w><w c5="AT0" hw="the" pos="ART">the </w><w c5="NN0" hw="people" pos="SUBST">people </w><w c5="VVB" hw="come" pos="VERB">come </w><w c5="AV0" hw="together" pos="ADV">together</w><c c5="PUN">, </c><w c5="AT0" hw="the" pos="ART">the </w><w c5="AV0" hw="most" pos="ADV">most </w><w c5="AJ0" hw="ambitious" pos="ADJ">ambitious </w><w c5="NN2" hw="project" pos="SUBST">projects </w><w c5="VBB" hw="be" pos="VERB">are </w><w c5="AJ0" hw="achievable" pos="ADJ">achievable</w><c c5="PUN">.</c><c c5="PUQ">’</c></s></p><p>
<s n="65"><w c5="NP0" hw="sir" pos="SUBST">Sir </w><w c5="NP0" hw="david" pos="SUBST">David </w><w c5="NP0" hw="attenborough" pos="SUBST">Attenborough </w><w c5="VVD" hw="say" pos="VERB">said</w><c c5="PUN">: </c><c c5="PUQ">‘</c><w c5="NN2" hw="company" pos="SUBST">Companies </w><w c5="PRF" hw="of" pos="PREP">of </w><w c5="AJ0" hw="local" pos="ADJ">local </w><w c5="CJC" hw="and" pos="CONJ">and </w><w c5="AJ0" hw="national" pos="ADJ">national </w><w c5="NN1" hw="importance" pos="SUBST">importance </w><w c5="PRP" hw="on" pos="PREP">on </w><w c5="NP0-NN1" hw="teesside" pos="SUBST">Teesside </w><w c5="VVB" hw="recognise" pos="VERB">recognise </w><w c5="DPS" hw="they" pos="PRON">their </w><w c5="AJ0" hw="environmental" pos="ADJ">environmental </w><w c5="NN2" hw="responsibility" pos="SUBST">responsibilities</w><c c5="PUN">.</c></s></p><p>
<s n="66"><w c5="PNP" hw="they" pos="PRON">They </w><w c5="VVB" hw="prove" pos="VERB">prove </w><w c5="CJT" hw="that" pos="CONJ">that </w><w c5="NN1" hw="industry" pos="SUBST">industry </w><w c5="CJC" hw="and" pos="CONJ">and </w><w c5="NN1" hw="nature" pos="SUBST">nature </w><w c5="VM0" hw="can" pos="VERB">can </w><w c5="VVI" hw="coexist" pos="VERB">coexist</w><c c5="PUN">.</c><c c5="PUQ">’</c></s></p><p>
<s n="67"><w c5="CJC" hw="and" pos="CONJ">And </w><w c5="NP0" hw="ici" pos="SUBST">ICI </w><w c5="NN1" hw="chairman" pos="SUBST">chairman </w><w c5="NN1" hw="sir" pos="SUBST">Sir </w><w c5="VVZ" hw="deny" pos="VERB">Denys </w><w c5="NP0" hw="henderson" pos="SUBST">Henderson </w><w c5="VVD" hw="add" pos="VERB">added</w><c c5="PUN">: </c><c c5="PUQ">‘</c><w c5="PNP" hw="i" pos="PRON">I </w><w c5="VBB" hw="be" pos="VERB">am </w><w c5="AJ0" hw="proud" pos="ADJ">proud </w><w c5="PRF" hw="of" pos="PREP">of </w><w c5="NP0" hw="ici" pos="SUBST">ICI</w><w c5="POS" hw="'s" pos="UNC">'s </w><w c5="AJ0-NN1" hw="conservation" pos="ADJ">conservation </w><w c5="NN1" hw="record" pos="SUBST">record </w><w c5="PRP" hw="on" pos="PREP">on </w><w c5="NP0-NN1" hw="teesside" pos="SUBST">Teesside</w><c c5="PUN">.</c></s>
<s n="68"><w c5="DPS" hw="we" pos="PRON">Our </w><w c5="AJ0" hw="successful" pos="ADJ">successful </w><w c5="NN1" hw="partnership" pos="SUBST">partnership </w><w c5="EX0" hw="there" pos="PRON">there </w><w c5="VVZ" hw="serve" pos="VERB">serves </w><w c5="PRP" hw="as" pos="PREP">as </w><w c5="AT0" hw="a" pos="ART">a </w><w c5="AJ0" hw="powerful" pos="ADJ">powerful </w><w c5="NN1" hw="example" pos="SUBST">example </w><w c5="PRF" hw="of" pos="PREP">of </w><w c5="DTQ" hw="what" pos="PRON">what </w><w c5="VM0" hw="can" pos="VERB">can </w><w c5="VBI" hw="be" pos="VERB">be </w><w c5="VVN" hw="achieve" pos="VERB">achieved </w><w c5="PRP" hw="by" pos="PREP">by </w><w c5="NN1" hw="industry" pos="SUBST">industry </w><w c5="VVG" hw="work" pos="VERB">working </w><w c5="AV0" hw="together" pos="ADV">together </w><w c5="PRP" hw="with" pos="PREP">with </w><w c5="NN2" hw="conservationist" pos="SUBST">conservationists </w><w c5="CJC" hw="and" pos="CONJ">and </w><w c5="AJ0" hw="local" pos="ADJ">local </w><w c5="NN2" hw="community" pos="SUBST">communities</w><c c5="PUN">.</c><c c5="PUQ">’</c></s></p></div><div level="1"><head>
<s n="69"><w c5="NN1" hw="fur" pos="SUBST">Fur </w><w c5="NN2" hw="fact" pos="SUBST">facts</w></s></head><p>
<s n="70"><w c5="AV0" hw="further/far" pos="ADV">FURTHER </w><w c5="PRP" hw="to" pos="PREP">to </w><w c5="DPS" hw="you" pos="PRON">your </w><w c5="NN1" hw="piece" pos="SUBST">piece </w><w c5="PRP" hw="on" pos="PREP">on </w><w c5="AT0" hw="the" pos="ART">the </w><w c5="NN1" hw="leopard" pos="SUBST">leopard </w><w c5="NN1" hw="trade" pos="SUBST">trade </w><w c5="NN1-VVB" hw="ban" pos="SUBST">ban </w><c c5="PUL">(</c><w c5="VVB-NN1" hw="echo" pos="VERB">Echo </w><w c5="NP0" hw="march" pos="SUBST">March </w><w c5="CRD" hw="7" pos="ADJ">7</w><c c5="PUR">)</c><c c5="PUN">, </c><w c5="PNP" hw="it" pos="PRON">it </w><w c5="VVZ" hw="appear" pos="VERB">appears </w><w c5="PNP" hw="you" pos="PRON">you </w><w c5="VVD" hw="take" pos="VERB">took </w><w c5="AT0" hw="the" pos="ART">the </w><w c5="NN1" hw="trouble" pos="SUBST">trouble </w><w c5="TO0" hw="to" pos="PREP">to </w><w c5="VVI" hw="consult" pos="VERB">consult </w><w c5="AT0" hw="the" pos="ART">the </w><w c5="NN2" hw="view" pos="SUBST">views </w><w c5="PRF" hw="of" pos="PREP">of </w><w c5="NP0-NN1" hw="lynx" pos="SUBST">Lynx</w><c c5="PUN">.</c></s>
<s n="71"><w c5="PNP" hw="we" pos="PRON">We </w><w c5="VDD" hw="do" pos="VERB">did </w><w c5="XX0" hw="not" pos="ADV">not </w><w c5="VHI" hw="have" pos="VERB">have </w><w c5="AT0" hw="the" pos="ART">the </w><w c5="NN1" hw="pleasure" pos="SUBST">pleasure </w><w c5="PRF" hw="of" pos="PREP">of </w><w c5="VVG-NN1" hw="hear" pos="VERB">hearing </w><w c5="PRP" hw="from" pos="PREP">from </w><w c5="PNP" hw="you" pos="PRON">you </w><w c5="CJC" hw="and" pos="CONJ">and </w><w c5="PNP" hw="it" pos="PRON">it </w><w c5="VVZ" hw="show" pos="VERB">shows</w><c c5="PUN">.</c></s>
<s n="72"><w c5="AT0" hw="the" pos="ART">The </w><w c5="AJ0" hw="african" pos="ADJ">African </w><w c5="NN1" hw="leopard" pos="SUBST">leopard </w><w c5="VBD" hw="be" pos="VERB">was </w><w c5="AV0" hw="never" pos="ADV">never </w><w c5="PRP" hw="in" pos="PREP">in </w><w c5="NN1" hw="danger" pos="SUBST">danger </w><w c5="PRF" hw="of" pos="PREP">of </w><w c5="NN1" hw="extinction" pos="SUBST">extinction </w><w c5="PRP" hw="throughout" pos="PREP">throughout </w><w c5="DPS" hw="it" pos="PRON">its </w><w c5="NN1" hw="range" pos="SUBST">range</w><c c5="PUN">.</c></s>
<s n="73"><w c5="AT0" hw="a" pos="ART">A </w><w c5="AJ0" hw="voluntary" pos="ADJ">voluntary </w><w c5="NN1" hw="ban" pos="SUBST">ban </w><w c5="VBD" hw="be" pos="VERB">was </w><w c5="VVN" hw="impose" pos="VERB">imposed </w><w c5="PRP" hw="by" pos="PREP">by </w><w c5="AT0" hw="the" pos="ART">the </w><w c5="NP0" hw="london" pos="SUBST">London </w><w c5="NN1" hw="trade" pos="SUBST">trade </w><mw c5="AV0"><w c5="PRP" hw="in" pos="PREP">in </w><w c5="NN1" hw="order" pos="SUBST">order </w></mw><w c5="TO0" hw="to" pos="PREP">to </w><w c5="VVI" hw="give" pos="VERB">give </w><w c5="NN2" hw="stock" pos="SUBST">stocks </w><w c5="VVG" hw="breathe" pos="VERB">breathing </w><w c5="CJC" hw="and" pos="CONJ">and </w><w c5="NN1" hw="breeding" pos="SUBST">breeding </w><w c5="NN1" hw="space" pos="SUBST">space</w><c c5="PUN">.</c></s>
<s n="74"><w c5="PNP" hw="it" pos="PRON">It </w><w c5="VBZ" hw="be" pos="VERB">is </w><w c5="AJ0" hw="significant" pos="ADJ">significant </w><w c5="CJT" hw="that" pos="CONJ">that </w><w c5="PNP" hw="it" pos="PRON">it </w><w c5="VBZ" hw="be" pos="VERB">is </w><w c5="AT0" hw="the" pos="ART">the </w><w c5="NN2" hw="african" pos="SUBST">Africans </w><w c5="PNQ" hw="who" pos="PRON">who </w><w c5="VBB" hw="be" pos="VERB">are </w><w c5="VVG-AJ0" hw="press" pos="VERB">pressing </w><w c5="PRP" hw="for" pos="PREP">for </w><w c5="AT0" hw="a" pos="ART">a </w><w c5="AJ0" hw="partial" pos="ADJ">partial </w><w c5="NN1" hw="lifting" pos="SUBST">lifting </w><w c5="PRF" hw="of" pos="PREP">of </w><w c5="AT0" hw="the" pos="ART">the </w><w c5="NN1" hw="ban" pos="SUBST">ban </w><w c5="CJC" hw="and" pos="CONJ">and </w><w c5="AT0" hw="the" pos="ART">the </w><w c5="AJ0" hw="maligned" pos="ADJ">maligned </w><w c5="NN1" hw="fur" pos="SUBST">fur </w><w c5="NN1" hw="trade" pos="SUBST">trade </w><w c5="VHZ" hw="have" pos="VERB">has </w><w c5="VVN" hw="make" pos="VERB">made </w><w c5="AT0" hw="no" pos="ART">no </w><w c5="NN1" hw="move" pos="SUBST">move </w><w c5="PRP" hw="in" pos="PREP">in </w><w c5="DT0" hw="that" pos="ADJ">that </w><w c5="NN1" hw="direction" pos="SUBST">direction</w><c c5="PUN">.</c></s>
<s n="75"><w c5="PNP" hw="it" pos="PRON">It </w><w c5="VBZ" hw="be" pos="VERB">is </w><w c5="AT0" hw="the" pos="ART">the </w><w c5="NN1" hw="money-making" pos="SUBST">money-making </w><w c5="PRF" hw="of" pos="PREP">of </w><w c5="NN1" hw="animal" pos="SUBST">animal </w><w c5="NN2" hw="right" pos="SUBST">rights </w><w c5="NN2" hw="organisation" pos="SUBST">organisations </w><w c5="DTQ" hw="which" pos="PRON">which </w><w c5="NN1" hw="science" pos="SUBST">science </w><w c5="VVZ" hw="threaten" pos="VERB">threatens</w><c c5="PUN">, </c><w c5="XX0" hw="not" pos="ADV">not </w><w c5="NN1-AJ0" hw="animal" pos="SUBST">animal </w><w c5="NN1" hw="welfare" pos="SUBST">welfare</w><c c5="PUN">.</c></s>
<s n="76"><w c5="NP0" hw="mike" pos="SUBST">Mike </w><w c5="NP0" hw="allan" pos="SUBST">Allan</w><c c5="PUN">, </c><w c5="NN1" hw="spokesman" pos="SUBST">Spokesman</w><c c5="PUN">, </c><w c5="NN1" hw="fur" pos="SUBST">Fur </w><w c5="NN1" hw="education" pos="SUBST">Education </w><w c5="NN1" hw="council" pos="SUBST">Council</w><c c5="PUN">, </c><w c5="NN1" hw="po" pos="SUBST">PO </w><w c5="NN1" hw="box" pos="SUBST">Box </w><w c5="UNC" hw="1ew" pos="UNC">1EW</w><c c5="PUN">, </c><w c5="NP0" hw="london" pos="SUBST">London </w><w c5="UNC" hw="w1a" pos="UNC">W1A </w><w c5="UNC" hw="1ew" pos="UNC">1EW</w><c c5="PUN">.</c></s></p></div><div level="1"><p>
<s n="77"><w c5="PNP" hw="it" pos="PRON">IT </w><w c5="VM0" hw="will" pos="VERB">will </w><w c5="AV0" hw="doubtless" pos="ADV">doubtless </w><w c5="VBI" hw="be" pos="VERB">be </w><w c5="AJ0" hw="cataclysmic" pos="ADJ">cataclysmic </w><w c5="TO0" hw="to" pos="PREP">to </w><w c5="VVI" hw="learn" pos="VERB">learn </w><w c5="DT0" hw="that" pos="ADJ">that </w><w c5="AVP" hw="out" pos="ADV">out </w><w c5="VBZ" hw="be" pos="VERB">is </w><w c5="AT0" hw="the" pos="ART">the </w><w c5="ORD" hw="last" pos="ADJ">last </w><w c5="NN1-VVB" hw="place" pos="SUBST">place </w><w c5="NN2" hw="cat" pos="SUBST">cats </w><w c5="VM0" hw="should" pos="VERB">should </w><w c5="VBI" hw="be" pos="VERB">be </w><w c5="PRP" hw="at" pos="PREP">at </w><w c5="NN1" hw="night" pos="SUBST">night</w><c c5="PUN">.</c></s></p><p>
<s n="78"><w c5="AV0" hw="far" pos="ADV">Far </w><w c5="PRP" hw="from" pos="PREP">from </w><w c5="VVG" hw="spend" pos="VERB">spending </w><w c5="AJ0" hw="long" pos="ADJ">long </w><w c5="NN2" hw="hour" pos="SUBST">hours </w><w c5="PRP" hw="on" pos="PREP">on </w><w c5="AT0" hw="the" pos="ART">the </w><w c5="NN2" hw="tile" pos="SUBST">tiles </w><w c5="NN1-VVG" hw="hunting" pos="SUBST">hunting</w><c c5="PUN">, </c><w c5="VVG-AJ0" hw="scaveng" pos="VERB">scavenging </w><w c5="CJC" hw="and" pos="CONJ">and </w><w c5="AV0" hw="generally" pos="ADV">generally </w><w c5="VHG" hw="have" pos="VERB">having </w><w c5="AT0" hw="a" pos="ART">a </w><w c5="AJ0" hw="high" pos="ADJ">high </w><w c5="AJ0" hw="old" pos="ADJ">old </w><w c5="NN1" hw="time" pos="SUBST">time </w><w c5="PRP" hw="with" pos="PREP">with </w><w c5="DPS" hw="they" pos="PRON">their </w><w c5="NN2" hw="pal" pos="SUBST">pals</w><c c5="PUN">, </c><w c5="CJS" hw="as" pos="CONJ">as </w><w c5="NN1" hw="tradition" pos="SUBST">tradition </w><w c5="CJC" hw="and" pos="CONJ">and </w><w c5="NN1" hw="practice" pos="SUBST">practice </w><w c5="VVB" hw="dictate" pos="VERB">dictate</w><c c5="PUN">, </c><w c5="PNP" hw="they" pos="PRON">they </w><w c5="VM0" hw="should" pos="VERB">should </w><w c5="VBI" hw="be" pos="VERB">be </w><w c5="AV0" hw="indoors" pos="ADV">indoors </w><w c5="VVD-VVN" hw="tuck" pos="VERB">tucked </w><w c5="AVP" hw="up" pos="ADV">up</w><c c5="PUN">.</c></s>
<s n="79"><w c5="DT0" hw="this" pos="ADJ">This </w><w c5="NN1" hw="information" pos="SUBST">information </w><w c5="VHZ" hw="have" pos="VERB">has </w><w c5="VBN" hw="be" pos="VERB">been </w><w c5="VVN" hw="relay" pos="VERB">relayed </w><w c5="PRP" hw="in" pos="PREP">in </w><w c5="DT0" hw="this" pos="ADJ">this </w><w c5="NN1" hw="direction" pos="SUBST">direction </w><w c5="PRP" hw="by" pos="PREP">by </w><w c5="AT0" hw="the" pos="ART">the </w><w c5="NN2" hw="cat" pos="SUBST">Cats </w><w c5="NN1" hw="protection" pos="SUBST">Protection </w><w c5="NN1" hw="league" pos="SUBST">League</w><c c5="PUN">.</c></s>
<s n="80"><w c5="PNP" hw="it" pos="PRON">It </w><w c5="VBZ" hw="be" pos="VERB">is </w><w c5="XX0" hw="not" pos="ADV">not </w><w c5="CJT" hw="that" pos="CONJ">that </w><w c5="NN2" hw="cat" pos="SUBST">cats </w><w c5="VDB" hw="do" pos="VERB">do </w><w c5="XX0" hw="not" pos="ADV">not </w><w c5="VVI" hw="enjoy" pos="VERB">enjoy </w><w c5="DT0" hw="all" pos="ADJ">all </w><w c5="AT0" hw="the" pos="ART">the </w><w c5="AJ0" hw="aforementioned" pos="ADJ">aforementioned </w><w c5="AJ0" hw="nocturnal" pos="ADJ">nocturnal </w><w c5="NN2" hw="pleasure" pos="SUBST">pleasures</w><c c5="PUN">, </c><w c5="PNP" hw="it" pos="PRON">it </w><w c5="VBZ" hw="be" pos="VERB">is </w><w c5="DT0-CJT" hw="that" pos="ADJ">that </w><w c5="NN1" hw="nightlife" pos="SUBST">nightlife </w><w c5="VBZ" hw="be" pos="VERB">is </w><w c5="AV0" hw="too" pos="ADV">too </w><w c5="AJ0" hw="dangerous" pos="ADJ">dangerous </w><w c5="PRP" hw="for" pos="PREP">for </w><w c5="PNP" hw="they" pos="PRON">them</w><c c5="PUN">.</c></s>
<s n="81"><w c5="PRP" hw="to" pos="PREP">To </w><w c5="DT0" hw="this" pos="ADJ">this </w><w c5="NN1-VVB" hw="end" pos="SUBST">end </w><w c5="AT0" hw="the" pos="ART">the </w><w c5="NP0" hw="cpl" pos="SUBST">CPL </w><w c5="VHZ" hw="have" pos="VERB">has </w><w c5="VVN" hw="win" pos="VERB">won </w><w c5="AT0" hw="a" pos="ART">a </w><w c5="AJ0" hw="little" pos="ADJ">little </w><w c5="NN1" hw="victory" pos="SUBST">victory </w><w c5="PRP" hw="in" pos="PREP">in </w><w c5="DPS" hw="it" pos="PRON">its </w><w c5="NN2" hw="effort" pos="SUBST">efforts </w><w c5="TO0" hw="to" pos="PREP">to </w><w c5="VVI" hw="ensure" pos="VERB">ensure </w><w c5="CJT" hw="that" pos="CONJ">that </w><w c5="AT0" hw="the" pos="ART">the </w><w c5="NN1" hw="cat" pos="SUBST">cat </w><w c5="VBZ" hw="be" pos="VERB">is </w><w c5="XX0" hw="not" pos="ADV">not </w><w c5="VVN" hw="put" pos="VERB">put </w><w c5="AVP" hw="out" pos="ADV">out </w><w c5="PRP" hw="with" pos="PREP">with </w><w c5="AT0" hw="the" pos="ART">the </w><w c5="NN1" hw="milk" pos="SUBST">milk </w><w c5="NN2" hw="bottle" pos="SUBST">bottles</w><c c5="PUN">.</c></s>
<s n="82"><w c5="VHG" hw="have" pos="VERB">Having </w><w c5="VVN" hw="espy" pos="VERB">espied </w><w c5="AV0" hw="precisely" pos="ADV">precisely </w><w c5="DT0" hw="such" pos="ADJ">such </w><w c5="AT0" hw="a" pos="ART">a </w><w c5="NN1" hw="scene" pos="SUBST">scene </w><w c5="PRP" hw="on" pos="PREP">on </w><w c5="AT0" hw="a" pos="ART">a </w><w c5="NN1" hw="television" pos="SUBST">television </w><w c5="NN1" hw="advertisement" pos="SUBST">advertisement </w><w c5="PRP" hw="for" pos="PREP">for </w><w c5="NN1" hw="milk" pos="SUBST">milk</w><c c5="PUN">, </c><w c5="NP0" hw="marjorie" pos="SUBST">Marjorie </w><w c5="NP0" hw="roberts" pos="SUBST">Roberts </w><w c5="PRF" hw="of" pos="PREP">of </w><w c5="AT0" hw="the" pos="ART">the </w><w c5="NP0" hw="cpl" pos="SUBST">CPL </w><w c5="PRP" hw="in" pos="PREP">in </w><w c5="NP0" hw="darlington" pos="SUBST">Darlington </w><w c5="VVD" hw="write" pos="VERB">wrote </w><w c5="PRP" hw="to" pos="PREP">to </w><w c5="AT0" hw="the" pos="ART">the </w><w c5="NN1" hw="milk" pos="SUBST">Milk </w><w c5="NN1" hw="marketing" pos="SUBST">Marketing </w><w c5="NN1" hw="board" pos="SUBST">Board</w><c c5="PUN">.</c></s>
<s n="83"><w c5="AT0" hw="a" pos="ART">A </w><w c5="NN1" hw="reply" pos="SUBST">reply </w><w c5="VHZ" hw="have" pos="VERB">has </w><w c5="AV0" hw="eventually" pos="ADV">eventually </w><w c5="VVN" hw="arrive" pos="VERB">arrived </w><w c5="PRP" hw="from" pos="PREP">from </w><w c5="AT0" hw="the" pos="ART">the </w><w c5="AJ0" hw="national" pos="ADJ">National </w><w c5="NN1" hw="dairy" pos="SUBST">Dairy </w><w c5="NN1" hw="council" pos="SUBST">Council</w><c c5="PUN">.</c></s>
<s n="84"><w c5="DT0" hw="this" pos="ADJ">This </w><w c5="VVZ" hw="make" pos="VERB">makes </w><w c5="AT0" hw="the" pos="ART">the </w><w c5="AJ0" hw="usual" pos="ADJ">usual </w><w c5="NN2" hw="noise" pos="SUBST">noises </w><w c5="PRP" hw="about" pos="PREP">about </w><w c5="AT0" hw="the" pos="ART">the </w><w c5="AJ0" hw="careful" pos="ADJ">careful </w><w c5="NN1" hw="research" pos="SUBST">research </w><w c5="DTQ" hw="which" pos="PRON">which </w><w c5="VVZ" hw="go" pos="VERB">goes </w><w c5="PRP" hw="into" pos="PREP">into </w><w c5="VVG" hw="make" pos="VERB">making </w><w c5="NN1" hw="television" pos="SUBST">television </w><w c5="NN2" hw="advertisement" pos="SUBST">advertisements</w><c c5="PUN">, </c><w c5="XX0" hw="not" pos="ADV">not </w><w c5="TO0" hw="to" pos="PREP">to </w><w c5="VVI" hw="mention" pos="VERB">mention </w><w c5="AT0" hw="the" pos="ART">the </w><w c5="NN1" hw="advice-seeking" pos="SUBST">advice-seeking</w><c c5="PUN">.</c></s>
<s n="85"><w c5="DT0" hw="this" pos="ADJ">This </w><w c5="VM0" hw="may" pos="VERB">may </w><w c5="VBI" hw="be" pos="VERB">be </w><w c5="AV0" hw="so" pos="ADV">so</w><c c5="PUN">, </c><w c5="CJC" hw="but" pos="CONJ">but </w><w c5="AT0" hw="the" pos="ART">the </w><w c5="NN2" hw="cat" pos="SUBST">Cats </w><w c5="NN1" hw="protection" pos="SUBST">Protection </w><w c5="NN1" hw="league" pos="SUBST">League </w><w c5="VBD" hw="be" pos="VERB">was </w><w c5="AV0" hw="obviously" pos="ADV">obviously </w><w c5="XX0" hw="not" pos="ADV">not </w><w c5="PRP" hw="on" pos="PREP">on </w><w c5="AT0" hw="the" pos="ART">the </w><w c5="NN1" hw="list" pos="SUBST">list</w><c c5="PUN">.</c></s>
<s n="86"><w c5="CJC" hw="but" pos="CONJ">But </w><w c5="AT0" hw="the" pos="ART">the </w><w c5="NP0" hw="ndc" pos="SUBST">NDC </w><w c5="VHZ" hw="have" pos="VERB">has </w><w c5="XX0" hw="not" pos="ADV">not </w><w c5="AV0" hw="merely" pos="ADV">merely </w><w c5="VVN" hw="turf" pos="VERB">turfed </w><w c5="AVP" hw="out" pos="ADV">out </w><w c5="AT0" hw="the" pos="ART">the </w><w c5="NP0" hw="cpl" pos="SUBST">CPL</w><w c5="POS" hw="'s" pos="UNC">'s </w><w c5="NN1" hw="complaint" pos="SUBST">complaint </w><w c5="PRP" hw="with" pos="PREP">with </w><w c5="AT0" hw="the" pos="ART">the </w><w c5="NN1" hw="milk" pos="SUBST">milk </w><w c5="CJC" hw="and" pos="CONJ">and </w><w c5="AT0" hw="the" pos="ART">the </w><w c5="NN1" hw="cat" pos="SUBST">cat</w><c c5="PUN">.</c></s>
<s n="87"><w c5="PNP" hw="it" pos="PRON">It </w><w c5="VVZ" hw="say" pos="VERB">says </w><w c5="CJT" hw="that" pos="CONJ">that </w><mw c5="PRP"><w c5="PRP" hw="in" pos="PREP">in </w><w c5="AT0" hw="the" pos="ART">the </w><w c5="NN1" hw="light" pos="SUBST">light </w><w c5="PRF" hw="of" pos="PREP">of </w></mw><w c5="AT0" hw="the" pos="ART">the </w><w c5="NN1" hw="observation" pos="SUBST">observation </w><w c5="PNP" hw="it" pos="PRON">it </w><w c5="VBZ" hw="be" pos="VERB">is </w><w c5="AV0" hw="now" pos="ADV">now </w><w c5="VVG" hw="review" pos="VERB">reviewing </w><w c5="AT0" hw="the" pos="ART">the </w><w c5="NN1" hw="commercial" pos="SUBST">commercial</w><c c5="PUN">.</c></s>
<s n="88"><w c5="CJS" hw="if" pos="CONJ">If </w><w c5="PNP" hw="it" pos="PRON">it </w><w c5="VBZ" hw="be" pos="VERB">is </w><w c5="AJ0" hw="possible" pos="ADJ">possible</w><c c5="PUN">, </c><w c5="PRP" hw="within" pos="PREP">within </w><w c5="NN2" hw="budget" pos="SUBST">budgets</w><c c5="PUN">, </c><w c5="TO0" hw="to" pos="PREP">to </w><w c5="VVI" hw="amend" pos="VERB">amend </w><w c5="AT0" hw="the" pos="ART">the </w><w c5="NN1" hw="film" pos="SUBST">film </w><w c5="PNP" hw="it" pos="PRON">it </w><w c5="VM0" hw="will" pos="VERB">will </w><w c5="VDI" hw="do" pos="VERB">do </w><w c5="AV0" hw="so" pos="ADV">so</w><c c5="PUN">.</c></s>
<s n="89"><w c5="AT0" hw="the" pos="ART">The </w><w c5="NN1" hw="budget" pos="SUBST">budget </w><w c5="VVZ" hw="give" pos="VERB">gives </w><w c5="PNP" hw="they" pos="PRON">them </w><w c5="AT0" hw="a" pos="ART">a </w><w c5="NN1-AJ0" hw="get-out" pos="SUBST">get-out </w><w c5="NN1" hw="option" pos="SUBST">option </w><w c5="CJC" hw="but" pos="CONJ">but </w><w c5="AT0" hw="the" pos="ART">the </w><w c5="NP0" hw="cpl" pos="SUBST">CPL </w><w c5="CJC" hw="and" pos="CONJ">and </w><w c5="NP0" hw="marjorie" pos="SUBST">Marjorie </w><w c5="NP0" hw="roberts" pos="SUBST">Roberts </w><w c5="VBB" hw="be" pos="VERB">are </w><w c5="VVG-AJ0" hw="grin" pos="VERB">grinning </w><w c5="PRP" hw="like" pos="PREP">like </w><w c5="NP0" hw="cheshire" pos="SUBST">Cheshire </w><w c5="NN2" hw="cat" pos="SUBST">cats </w><w c5="TO0" hw="to" pos="PREP">to </w><w c5="VHI" hw="have" pos="VERB">have </w><w c5="VVN" hw="extract" pos="VERB">extracted </w><w c5="DT0" hw="such" pos="ADJ">such </w><w c5="AT0" hw="a" pos="ART">a </w><w c5="NN1" hw="promise" pos="SUBST">promise</w><c c5="PUN">.</c></s>
<s n="90"><mw c5="AV0"><w c5="PRF" hw="of" pos="PREP">Of </w><w c5="NN1" hw="course" pos="SUBST">course</w></mw><c c5="PUN">, </c><w c5="PNP" hw="they" pos="PRON">they </w><w c5="VM0" hw="may" pos="VERB">may </w><w c5="VHI" hw="have" pos="VERB">have </w><w c5="TO0" hw="to" pos="PREP">to </w><w c5="VVI" hw="write" pos="VERB">write </w><mw c5="PRP"><w c5="ORD" hw="next" pos="ADJ">next </w><w c5="PRP" hw="to" pos="PREP">to </w></mw><w c5="NP0" hw="hannah-barbra" pos="SUBST">Hannah-Barbra</w><c c5="PUN">, </c><w c5="NN2" hw="maker" pos="SUBST">makers </w><w c5="PRF" hw="of" pos="PREP">of </w><w c5="AT0" hw="the" pos="ART">the </w><w c5="NN1" hw="cartoon" pos="SUBST">cartoon </w><w c5="NN0" hw="series" pos="SUBST">series </w><w c5="AT0" hw="the" pos="ART">The </w><w c5="NP0" hw="flintstones" pos="SUBST">Flintstones</w><c c5="PUN">, </c><w c5="TO0" hw="to" pos="PREP">to </w><w c5="VVI" hw="persuade" pos="VERB">persuade </w><w c5="PNP" hw="they" pos="PRON">them </w><w c5="TO0" hw="to" pos="PREP">to </w><w c5="VVI" hw="change" pos="VERB">change </w><w c5="AT0" hw="the" pos="ART">the </w><w c5="NN1" hw="ending" pos="SUBST">ending </w><w c5="PRP" hw="to" pos="PREP">to </w><w c5="DT0" hw="all" pos="ADJ">all </w><w c5="AT0" hw="the" pos="ART">the </w><w c5="NN2" hw="episode" pos="SUBST">episodes </w><w c5="PRP" hw="in" pos="PREP">in </w><w c5="DTQ" hw="which" pos="PRON">which </w><w c5="NP0" hw="fred" pos="SUBST">Fred </w><w c5="VVZ" hw="let" pos="VERB">lets </w><w c5="AVP" hw="out" pos="ADV">out </w><w c5="AT0" hw="the" pos="ART">the </w><w c5="NN1" hw="family" pos="SUBST">family </w><w c5="NN1-VVB" hw="mogg" pos="SUBST">mogg</w><c c5="PUN">.</c></s>
<s n="91"><mw c5="AV0"><w c5="PRP" hw="from" pos="PREP">From </w><w c5="AV0" hw="now" pos="ADV">now </w><w c5="AVP" hw="on" pos="ADV">on</w></mw><c c5="PUN">, </c><w c5="NP0" hw="gower" pos="SUBST">Gower </w><w c5="AT0" hw="the" pos="ART">the </w><w c5="NN1" hw="cat" pos="SUBST">Cat </w><w c5="VVZ" hw="stay" pos="VERB">stays </w><w c5="AVP" hw="in" pos="ADV">in</w><c c5="PUN">.</c></s></p><p>
<s n="92"><w c5="PNP" hw="he" pos="PRON">He </w><w c5="VM0" hw="can" pos="VERB">can </w><w c5="VDI" hw="do" pos="VERB">do </w><w c5="DPS" hw="he" pos="PRON">his </w><w c5="NN1-VVG" hw="gallivanting" pos="SUBST">gallivanting </w><w c5="PRP" hw="in" pos="PREP">in </w><w c5="AT0" hw="the" pos="ART">the </w><w c5="NN1" hw="daylight" pos="SUBST">daylight </w><w c5="NN2" hw="hour" pos="SUBST">hours </w><w c5="PRP" hw="with" pos="PREP">with </w><w c5="CJC" hw="or" pos="CONJ">or </w><w c5="PRP" hw="without" pos="PREP">without </w><w c5="NN1" hw="milk" pos="SUBST">milk </w><w c5="NN2" hw="bottle" pos="SUBST">bottles</w><c c5="PUN">.</c></s></p></div><div level="1"><head>
<s n="93"><w c5="NN1" hw="world" pos="SUBST">World </w><w c5="NN2" hw="problem" pos="SUBST">problems</w><c c5="PUN">:</c></s></head><p>
<s n="94"><w c5="NP0" hw="prof" pos="SUBST">Prof </w><w c5="NP0" hw="ig" pos="SUBST">IG </w><w c5="NP0" hw="simmons" pos="SUBST">Simmons</w><c c5="PUN">, </c><w c5="NN1" hw="head" pos="SUBST">head </w><w c5="PRF" hw="of" pos="PREP">of </w><w c5="NN1" hw="geography" pos="SUBST">Geography </w><w c5="PRP" hw="at" pos="PREP">at </w><w c5="NP0" hw="durham" pos="SUBST">Durham </w><w c5="NN1" hw="university" pos="SUBST">University </w><w c5="CJC" hw="and" pos="CONJ">and </w><w c5="AT0" hw="a" pos="ART">a </w><w c5="NN1" hw="writer" pos="SUBST">writer </w><w c5="PRP" hw="about" pos="PREP">about </w><w c5="AT0" hw="the" pos="ART">the </w><w c5="AJ0-NN1" hw="human" pos="ADJ">human </w><w c5="NN1-VVB" hw="influence" pos="SUBST">influence </w><w c5="PRP" hw="on" pos="PREP">on </w><w c5="AT0" hw="the" pos="ART">the </w><w c5="NN1" hw="environment" pos="SUBST">environment</w><c c5="PUN">, </c><w c5="VM0" hw="will" pos="VERB">will </w><w c5="VVI" hw="give" pos="VERB">give </w><w c5="AT0" hw="a" pos="ART">a </w><w c5="NN1" hw="talk" pos="SUBST">talk </w><w c5="PRP-AVP" hw="on" pos="PREP">on </w><w c5="AVQ" hw="where" pos="ADV">where </w><w c5="PNP" hw="he" pos="PRON">he </w><w c5="VVZ" hw="consider" pos="VERB">considers </w><w c5="AT0" hw="the" pos="ART">the </w><w c5="NN1" hw="world" pos="SUBST">world </w><w c5="VBZ" hw="be" pos="VERB">is </w><w c5="VVG" hw="head" pos="VERB">heading</w><c c5="PUN">.</c></s>
<s n="95"><w c5="AT0" hw="the" pos="ART">The </w><w c5="NN1" hw="event" pos="SUBST">event</w><c c5="PUN">, </c><w c5="VVN" hw="organise" pos="VERB">organised </w><w c5="PRP" hw="by" pos="PREP">by </w><w c5="NP0" hw="durham" pos="SUBST">Durham </w><w c5="NN2" hw="friend" pos="SUBST">Friends </w><w c5="PRF" hw="of" pos="PREP">of </w><w c5="AT0" hw="the" pos="ART">the </w><w c5="NN1" hw="earth" pos="SUBST">Earth </w><w c5="PRP" hw="at" pos="PREP">at </w><w c5="NP0" hw="elvet" pos="SUBST">Elvet </w><w c5="NP0" hw="riverside" pos="SUBST">Riverside</w><c c5="PUN">, </c><w c5="NN1" hw="room" pos="SUBST">room </w><w c5="UNC" hw="er153" pos="UNC">ER153</w><c c5="PUN">, </c><w c5="NP0" hw="durham" pos="SUBST">Durham </w><w c5="NN1" hw="city" pos="SUBST">City</w><c c5="PUN">, </c><w c5="PRP" hw="on" pos="PREP">on </w><w c5="NP0" hw="wednesday" pos="SUBST">Wednesday</w><c c5="PUN">, </c><w c5="NP0" hw="may" pos="SUBST">May </w><w c5="CRD" hw="6" pos="ADJ">6 </w><w c5="PRP" hw="at" pos="PREP">at </w><w c5="AV0" hw="7.30pm" pos="ADV">7.30pm</w><c c5="PUN">.</c></s></p></div><div level="1"><head>
<s n="96"><w c5="NN1" hw="driver" pos="SUBST">Driver </w><w c5="VVD" hw="flee" pos="VERB">fled </w><w c5="PRP" hw="after" pos="PREP">after </w><w c5="VVG" hw="cause" pos="VERB">causing </w><w c5="NN1" hw="crash" pos="SUBST">crash</w></s></head><p>
<s n="97"><w c5="AT0" hw="a" pos="ART">A </w><w c5="NN1" hw="forester" pos="SUBST">FORESTER </w><w c5="VVD" hw="drive" pos="VERB">drove </w><w c5="AT0" hw="the" pos="ART">the </w><w c5="AJ0" hw="wrong" pos="ADJ">wrong </w><w c5="NN1" hw="way" pos="SUBST">way </w><w c5="PRP-AVP" hw="along" pos="PREP">along </w><w c5="AT0" hw="a" pos="ART">a </w><w c5="AJ0" hw="dual" pos="ADJ">dual </w><w c5="NN1" hw="carriageway" pos="SUBST">carriageway </w><w c5="TO0" hw="to" pos="PREP">to </w><w c5="VVI" hw="escape" pos="VERB">escape </w><w c5="NN2" hw="police" pos="SUBST">police </w><w c5="PRP" hw="after" pos="PREP">after </w><w c5="VVG" hw="hit" pos="VERB">hitting </w><w c5="DT0" hw="another" pos="ADJ">another </w><w c5="NN1" hw="car" pos="SUBST">car</w><c c5="PUN">, </c><w c5="NP0" hw="thirsk" pos="SUBST">Thirsk </w><w c5="NN2" hw="magistrate" pos="SUBST">magistrates </w><w c5="VVD" hw="hear" pos="VERB">heard </w><w c5="AV0" hw="yesterday" pos="ADV">yesterday</w><c c5="PUN">.</c></s></p><p>
<s n="98"><w c5="NP0" hw="christopher" pos="SUBST">Christopher </w><w c5="NP0" hw="todd" pos="SUBST">Todd</w><c c5="PUN">, </c><w c5="CRD" hw="19" pos="ADJ">19</w><c c5="PUN">, </c><w c5="PRF" hw="of" pos="PREP">of </w><w c5="NP0-NN1" hw="boltby" pos="SUBST">Boltby</w><c c5="PUN">, </c><w c5="PRP" hw="near" pos="PREP">near </w><w c5="NP0" hw="thirsk" pos="SUBST">Thirsk</w><c c5="PUN">, </c><w c5="VVD" hw="drive" pos="VERB">drove </w><w c5="DPS" hw="he" pos="PRON">his </w><w c5="NN1-NP0" hw="land" pos="SUBST">Land </w><w c5="NN1-NP0" hw="rover" pos="SUBST">Rover </w><w c5="PRP" hw="into" pos="PREP">into </w><w c5="AT0" hw="the" pos="ART">the </w><w c5="NN1" hw="path" pos="SUBST">path </w><w c5="PRF" hw="of" pos="PREP">of </w><w c5="AT0" hw="a" pos="ART">a </w><w c5="NN1" hw="car" pos="SUBST">car </w><w c5="PRP" hw="on" pos="PREP">on </w><w c5="AT0" hw="the" pos="ART">the </w><w c5="UNC" hw="a168" pos="UNC">A168 </w><w c5="PRP" hw="near" pos="PREP">near </w><w c5="NP0" hw="thirsk" pos="SUBST">Thirsk</w><c c5="PUN">, </c><w c5="VVG" hw="injure" pos="VERB">injuring </w><w c5="CRD" hw="two" pos="ADJ">two </w><w c5="NN0" hw="people" pos="SUBST">people</w><c c5="PUN">.</c></s>
<s n="99"><w c5="AV0" hw="then" pos="ADV">Then </w><w c5="PNP" hw="he" pos="PRON">he </w><w c5="VVD" hw="drive" pos="VERB">drove </w><w c5="AVP" hw="off" pos="ADV">off</w><c c5="PUN">, </c><w c5="AT0" hw="the" pos="ART">the </w><w c5="AJ0" hw="wrong" pos="ADJ">wrong </w><w c5="NN1" hw="way" pos="SUBST">way </w><w c5="PRP-AVP" hw="down" pos="PREP">down </w><w c5="AT0" hw="the" pos="ART">the </w><w c5="AJ0" hw="dual" pos="ADJ">dual </w><w c5="NN1" hw="carriageway" pos="SUBST">carriageway</w><c c5="PUN">, </c><w c5="VVD" hw="say" pos="VERB">said </w><w c5="NP0" hw="jane" pos="SUBST">Jane </w><w c5="NP0" hw="cockburn" pos="SUBST">Cockburn</w><c c5="PUN">, </c><w c5="VVG" hw="prosecute" pos="VERB">prosecuting</w><c c5="PUN">.</c></s></p><p>
<s n="100"><w c5="NN1" hw="blood" pos="SUBST">Blood </w><w c5="NN2" hw="test" pos="SUBST">tests </w><w c5="VVD" hw="reveal" pos="VERB">revealed </w><w c5="PNP" hw="he" pos="PRON">he </w><w c5="VBD" hw="be" pos="VERB">was </w><w c5="AV0" hw="almost" pos="ADV">almost </w><w c5="AV0" hw="twice" pos="ADV">twice </w><w c5="AT0" hw="the" pos="ART">the </w><w c5="AJ0" hw="legal" pos="ADJ">legal </w><w c5="NN1" hw="alcohol" pos="SUBST">alcohol </w><w c5="NN1-VVB" hw="limit" pos="SUBST">limit</w><c c5="PUN">.</c></s>
<s n="101"><w c5="NP0" hw="todd" pos="SUBST">Todd </w><w c5="AV0" hw="yesterday" pos="ADV">yesterday </w><w c5="VVD" hw="admit" pos="VERB">admitted </w><w c5="VVG-AJ0" hw="drive" pos="VERB">driving </w><w c5="PRP" hw="with" pos="PREP">with </w><w c5="AJ0" hw="excess" pos="ADJ">excess </w><w c5="NN1" hw="alcohol" pos="SUBST">alcohol </w><w c5="CJC" hw="and" pos="CONJ">and </w><w c5="VVG" hw="fail" pos="VERB">failing </w><w c5="TO0" hw="to" pos="PREP">to </w><w c5="VVI" hw="stop" pos="VERB">stop </w><w c5="CJC" hw="and" pos="CONJ">and </w><w c5="VVI" hw="report" pos="VERB">report </w><w c5="AT0" hw="an" pos="ART">an </w><w c5="NN1" hw="accident" pos="SUBST">accident</w><c c5="PUN">.</c></s>
<s n="102"><w c5="AT0" hw="the" pos="ART">The </w><w c5="NN1" hw="case" pos="SUBST">case </w><w c5="VBD" hw="be" pos="VERB">was </w><w c5="VVN" hw="adjourn" pos="VERB">adjourned </w><w c5="PRP" hw="for" pos="PREP">for </w><w c5="NN2" hw="report" pos="SUBST">reports </w><w c5="NN2" hw="hen" pos="SUBST">Hens </w><w c5="VVB-NN1" hw="raid" pos="VERB">raid</w><c c5="PUN">: </c><w c5="NN2" hw="thief" pos="SUBST">Thieves </w><w c5="VVD" hw="raid" pos="VERB">raided </w><w c5="AT0" hw="a" pos="ART">a </w><w c5="NN1" hw="hen" pos="SUBST">hen </w><w c5="NN1" hw="house" pos="SUBST">house </w><w c5="PRP" hw="in" pos="PREP">in </w><w c5="NP0" hw="ripon" pos="SUBST">Ripon</w><c c5="PUN">.</c></s>
<s n="103"><w c5="PNP" hw="they" pos="PRON">They </w><w c5="VVD" hw="make" pos="VERB">made </w><w c5="AVP" hw="off" pos="ADV">off </w><w c5="PRP" hw="with" pos="PREP">with </w><w c5="CRD" hw="nine" pos="ADJ">nine </w><w c5="NN2" hw="bird" pos="SUBST">birds </w><w c5="PRP" hw="worth" pos="PREP">worth </w><w c5="AT0" hw="a" pos="ART">a </w><w c5="NN1" hw="total" pos="SUBST">total </w><w c5="PRF" hw="of" pos="PREP">of </w><w c5="NN0" hw="£180" pos="UNC">£180 </w><w c5="PRP" hw="from" pos="PREP">from </w><w c5="AT0" hw="a" pos="ART">a </w><w c5="NN1" hw="house" pos="SUBST">house </w><w c5="PRP" hw="in" pos="PREP">in </w><w c5="NP0" hw="studley" pos="SUBST">Studley </w><w c5="NP0" hw="road" pos="SUBST">Road</w><c c5="PUN">.</c></s></p></div><div level="1"><p>
<s n="104"><w c5="NN1" hw="animal" pos="SUBST">Animal </w><mw c5="NN1"><w c5="UNC" hw="magna" pos="UNC">Magna </w><w c5="UNC" hw="carta" pos="UNC">Carta </w></mw><w c5="VVD-VVN" hw="sign" pos="VERB">signed </w><w c5="NN2" hw="official" pos="SUBST">OFFICIALS </w><w c5="AV0" hw="yesterday" pos="ADV">yesterday </w><w c5="VVD" hw="sign" pos="VERB">signed </w><w c5="AT0" hw="a" pos="ART">a </w><w c5="NN1" hw="copy" pos="SUBST">copy </w><w c5="PRF" hw="of" pos="PREP">of </w><w c5="AT0" hw="a" pos="ART">a </w><w c5="AJ0" hw="new" pos="ADJ">new </w><mw c5="NN1"><w c5="UNC" hw="magna" pos="UNC">Magna </w><w c5="UNC" hw="carta" pos="UNC">Carta </w></mw><w c5="VVN" hw="write" pos="VERB">written </w><w c5="PRP" hw="by" pos="PREP">by </w><w c5="NP0" hw="david" pos="SUBST">David </w><w c5="NP0" hw="bellamy" pos="SUBST">Bellamy </w><w c5="VVG" hw="pledge" pos="VERB">pledging </w><w c5="TO0" hw="to" pos="PREP">to </w><w c5="VVI" hw="protect" pos="VERB">protect </w><w c5="NN1" hw="wildlife" pos="SUBST">wildlife</w><c c5="PUN">.</c></s>
<s n="105"><w c5="AT0" hw="the" pos="ART">The </w><w c5="NN1" hw="ceremony" pos="SUBST">ceremony </w><w c5="VVD" hw="take" pos="VERB">took </w><w c5="NN1" hw="place" pos="SUBST">place </w><w c5="PRP" hw="at" pos="PREP">at </w><w c5="NN2" hw="fountain" pos="SUBST">Fountains </w><w c5="NN1" hw="abbey" pos="SUBST">Abbey</w><c c5="PUN">, </c><w c5="PRP" hw="near" pos="PREP">near </w><w c5="NP0" hw="ripon" pos="SUBST">Ripon</w><c c5="PUN">, </c><w c5="PRP" hw="on" pos="PREP">on </w><w c5="AT0" hw="the" pos="ART">the </w><w c5="NN1" hw="anniversary" pos="SUBST">anniversary </w><w c5="PRF" hw="of" pos="PREP">of </w><w c5="AT0" hw="the" pos="ART">the </w><w c5="NN1-AJ0" hw="original" pos="SUBST">original </w><w c5="VBG" hw="be" pos="VERB">being </w><w c5="VVN" hw="sign" pos="VERB">signed</w><c c5="PUN">, </c><w c5="CRD" hw="777" pos="ADJ">777 </w><w c5="NN2" hw="year" pos="SUBST">years </w><w c5="AV0" hw="ago" pos="ADV">ago</w><c c5="PUN">.</c></s></p><p>
<s n="106"><w c5="NN2" hw="signatory" pos="SUBST">Signatories </w><w c5="VVD" hw="include" pos="VERB">included </w><w c5="AT0" hw="the" pos="ART">the </w><w c5="NN2" hw="mayor" pos="SUBST">mayors </w><w c5="PRF" hw="of" pos="PREP">of </w><w c5="NP0" hw="harrogate" pos="SUBST">Harrogate </w><w c5="CJC" hw="and" pos="CONJ">and </w><w c5="NP0" hw="ripon" pos="SUBST">Ripon</w><c c5="PUN">, </c><w c5="NP0" hw="barabra" pos="SUBST">Barabra </w><w c5="NP0" hw="hillier" pos="SUBST">Hillier </w><w c5="CJC" hw="and" pos="CONJ">and </w><w c5="NP0" hw="doreen" pos="SUBST">Doreen </w><w c5="NP0" hw="spence" pos="SUBST">Spence</w><c c5="PUN">.</c></s>
<s n="107"><w c5="AT0" hw="the" pos="ART">The </w><w c5="NN1" hw="treaty" pos="SUBST">treaty </w><w c5="VVZ" hw="contain" pos="VERB">contains </w><w c5="CRD" hw="seven" pos="ADJ">seven </w><w c5="AJ0" hw="personal" pos="ADJ">personal </w><w c5="NN2" hw="pledge" pos="SUBST">pledges </w><w c5="TO0" hw="to" pos="PREP">to </w><w c5="VVI" hw="encourage" pos="VERB">encourage </w><w c5="NN1" hw="wildlife" pos="SUBST">wildlife </w><w c5="NN1" hw="protection" pos="SUBST">protection</w><c c5="PUN">, </c><w c5="VVB" hw="save" pos="VERB">save </w><w c5="NN1" hw="energy" pos="SUBST">energy</w><c c5="PUN">, </c><w c5="VVB-NN1" hw="use" pos="VERB">use </w><w c5="VVG-NN1" hw="recycle" pos="VERB">recycling </w><w c5="NN2" hw="scheme" pos="SUBST">schemes </w><w c5="CJC" hw="and" pos="CONJ">and </w><w c5="VVB" hw="join" pos="VERB">join </w><w c5="AJ0" hw="environmental" pos="ADJ">environmental </w><w c5="NN2" hw="group" pos="SUBST">groups</w><c c5="PUN">.</c></s></p></div></wtext></bncDoc>
